[1712729487] Log start
[1712729487] Cmd: /root/AICAS/llama-cpp-python/vendor/llama.cpp/build_blis_sl/bin/main -m /root/data/loramerged-quantized-q40/ggml-model-Q4_0.gguf -f /root/test_scripts/prompt-run.txt -c 620 -n 50 -t 8 -tb 8 --ignore-eos -ins
[1712729487] main: build = 2612 (1b496a74)
[1712729487] main: built with cc (GCC) 13.2.0 for aarch64-linux-gnu
[1712729487] main: seed  = 1712729487
[1712729487] main: llama backend init
[1712729487] main: load the model and apply lora adapter, if any
[1712729487] llama_model_loader: loaded meta data with 19 key-value pairs and 195 tensors from /root/data/loramerged-quantized-q40/ggml-model-Q4_0.gguf (version GGUF V3 (latest))
[1712729487] llama_model_loader: Dumping metadata keys/values. Note: KV overrides do not apply in this output.
[1712729487] llama_model_loader: - kv   0:                       general.architecture str              = qwen
[1712729487] llama_model_loader: - kv   1:                               general.name str              = Qwen
[1712729487] llama_model_loader: - kv   2:                        qwen.context_length u32              = 8192
[1712729487] llama_model_loader: - kv   3:                           qwen.block_count u32              = 24
[1712729487] llama_model_loader: - kv   4:                      qwen.embedding_length u32              = 2048
[1712729487] llama_model_loader: - kv   5:                   qwen.feed_forward_length u32              = 11008
[1712729487] llama_model_loader: - kv   6:                        qwen.rope.freq_base f32              = 10000.000000
[1712729487] llama_model_loader: - kv   7:                  qwen.rope.dimension_count u32              = 128
[1712729487] llama_model_loader: - kv   8:                  qwen.attention.head_count u32              = 16
[1712729487] llama_model_loader: - kv   9:      qwen.attention.layer_norm_rms_epsilon f32              = 0.000001
[1712729487] llama_model_loader: - kv  10:                       tokenizer.ggml.model str              = gpt2
[1712729487] llama_model_loader: - kv  11:                      tokenizer.ggml.tokens arr[str,151936]  = ["!", "\"", "#", "$", "%", "&", "'", ...
[1712729487] llama_model_loader: - kv  12:                  tokenizer.ggml.token_type arr[i32,151936]  = [1, 1, 1, 1, 1, 1, 1, 1, 1, 1, 1, 1, ...
[1712729487] llama_model_loader: - kv  13:                      tokenizer.ggml.merges arr[str,151387]  = ["Ġ Ġ", "ĠĠ ĠĠ", "i n", "Ġ t",...
[1712729487] llama_model_loader: - kv  14:            tokenizer.ggml.padding_token_id u32              = 151643
[1712729487] llama_model_loader: - kv  15:            tokenizer.ggml.unknown_token_id u32              = 151643
[1712729487] llama_model_loader: - kv  16:                    tokenizer.chat_template str              = {% if messages[0]['role'] == 'system'...
[1712729487] llama_model_loader: - kv  17:               general.quantization_version u32              = 2
[1712729487] llama_model_loader: - kv  18:                          general.file_type u32              = 2
[1712729487] llama_model_loader: - type  f32:   73 tensors
[1712729487] llama_model_loader: - type q4_0:  122 tensors
[1712729488] llm_load_vocab: special tokens definition check successful ( 293/151936 ).
[1712729488] llm_load_print_meta: format           = GGUF V3 (latest)
[1712729488] llm_load_print_meta: arch             = qwen
[1712729488] llm_load_print_meta: vocab type       = BPE
[1712729488] llm_load_print_meta: n_vocab          = 151936
[1712729488] llm_load_print_meta: n_merges         = 151387
[1712729488] llm_load_print_meta: n_ctx_train      = 8192
[1712729488] llm_load_print_meta: n_embd           = 2048
[1712729488] llm_load_print_meta: n_head           = 16
[1712729488] llm_load_print_meta: n_head_kv        = 16
[1712729488] llm_load_print_meta: n_layer          = 24
[1712729488] llm_load_print_meta: n_rot            = 128
[1712729488] llm_load_print_meta: n_embd_head_k    = 128
[1712729488] llm_load_print_meta: n_embd_head_v    = 128
[1712729488] llm_load_print_meta: n_gqa            = 1
[1712729488] llm_load_print_meta: n_embd_k_gqa     = 2048
[1712729488] llm_load_print_meta: n_embd_v_gqa     = 2048
[1712729488] llm_load_print_meta: f_norm_eps       = 0.0e+00
[1712729488] llm_load_print_meta: f_norm_rms_eps   = 1.0e-06
[1712729488] llm_load_print_meta: f_clamp_kqv      = 0.0e+00
[1712729488] llm_load_print_meta: f_max_alibi_bias = 0.0e+00
[1712729488] llm_load_print_meta: f_logit_scale    = 0.0e+00
[1712729488] llm_load_print_meta: n_ff             = 11008
[1712729488] llm_load_print_meta: n_expert         = 0
[1712729488] llm_load_print_meta: n_expert_used    = 0
[1712729488] llm_load_print_meta: causal attn      = 1
[1712729488] llm_load_print_meta: pooling type     = 0
[1712729488] llm_load_print_meta: rope type        = 2
[1712729488] llm_load_print_meta: rope scaling     = linear
[1712729488] llm_load_print_meta: freq_base_train  = 10000.0
[1712729488] llm_load_print_meta: freq_scale_train = 1
[1712729488] llm_load_print_meta: n_yarn_orig_ctx  = 8192
[1712729488] llm_load_print_meta: rope_finetuned   = unknown
[1712729488] llm_load_print_meta: ssm_d_conv       = 0
[1712729488] llm_load_print_meta: ssm_d_inner      = 0
[1712729488] llm_load_print_meta: ssm_d_state      = 0
[1712729488] llm_load_print_meta: ssm_dt_rank      = 0
[1712729488] llm_load_print_meta: model type       = ?B
[1712729488] llm_load_print_meta: model ftype      = Q4_0
[1712729488] llm_load_print_meta: model params     = 1.84 B
[1712729488] llm_load_print_meta: model size       = 986.16 MiB (4.50 BPW) 
[1712729488] llm_load_print_meta: general.name     = Qwen
[1712729488] llm_load_print_meta: BOS token        = 11 ','
[1712729488] llm_load_print_meta: EOS token        = 11 ','
[1712729488] llm_load_print_meta: UNK token        = 151643 '<|endoftext|>'
[1712729488] llm_load_print_meta: PAD token        = 151643 '<|endoftext|>'
[1712729488] llm_load_print_meta: LF token         = 148848 'ÄĬ'
[1712729488] llm_load_tensors: ggml ctx size =    0.08 MiB
[1712729488] llm_load_tensors:        CPU buffer size =   986.16 MiB
[1712729490] .[1712729491] .[1712729491] .[1712729492] .[1712729492] .[1712729492] .[1712729492] .[1712729492] .[1712729492] .[1712729492] .[1712729492] .[1712729492] .[1712729493] .[1712729493] .[1712729493] .[1712729493] .[1712729493] .[1712729493] .[1712729493] .[1712729493] .[1712729493] .[1712729493] .[1712729494] .[1712729494] .[1712729494] .[1712729494] .[1712729494] .[1712729494] .[1712729494] .[1712729494] .[1712729494] .[1712729495] .[1712729495] .[1712729495] .[1712729495] .[1712729495] .[1712729495] .[1712729495] .[1712729495] .[1712729495] .[1712729496] .[1712729496] .[1712729496] .[1712729496] .[1712729496] .[1712729496] .[1712729496] .[1712729496] .[1712729496] .[1712729497] .[1712729497] .[1712729497] .[1712729497] .[1712729497] .[1712729497] .[1712729497] .[1712729497] .[1712729497] .[1712729498] .[1712729498] .[1712729498] .[1712729498] .[1712729498] .[1712729498] .[1712729498] .[1712729498] .[1712729498] .[1712729499] .[1712729499] .[1712729499] 
[1712729499] llama_new_context_with_model: n_ctx      = 640
[1712729499] llama_new_context_with_model: n_batch    = 640
[1712729499] llama_new_context_with_model: n_ubatch   = 512
[1712729499] llama_new_context_with_model: freq_base  = 10000.0
[1712729499] llama_new_context_with_model: freq_scale = 1
[1712729499] llama_kv_cache_init:        CPU KV buffer size =   120.00 MiB
[1712729499] llama_new_context_with_model: KV self size  =  120.00 MiB, K (f16):   60.00 MiB, V (f16):   60.00 MiB
[1712729499] llama_new_context_with_model:        CPU  output buffer size =     0.58 MiB
[1712729499] llama_new_context_with_model:        CPU compute buffer size =   300.75 MiB
[1712729499] llama_new_context_with_model: graph nodes  = 894
[1712729499] llama_new_context_with_model: graph splits = 1
[1712729499] warming up the model with an empty run
[1712729499] n_ctx: 640
[1712729499] 
[1712729499] system_info: n_threads = 8 (n_threads_batch = 8) / 8 | AVX = 0 | AVX_VNNI = 0 | AVX2 = 0 | AVX512 = 0 | AVX512_VBMI = 0 | AVX512_VNNI = 0 | FMA = 0 | NEON = 1 | ARM_FMA = 1 | F16C = 0 | FP16_VA = 1 | WASM_SIMD = 0 | BLAS = 1 | SSE3 = 0 | SSSE3 = 0 | VSX = 0 | MATMUL_INT8 = 1 | 
[1712729499] add_bos: 0
[1712729499] tokenize the prompt
[1712729499] prompt: "通义千问，作为阿里云自主研发的大型语言模型，以其卓越的自然语言理解和生成能力，在人工智能领域内崭露头角。自诞生以来，通义千问在技术创新和应用实践上取得了显著成果，不仅服务于广大用户日常的信息检索、答疑解惑，还在企业级解决方案、智能客服、教育辅助等多个场景下发挥关键作用。
通义千问依托大规模预训练模型架构，具备强大的上下文理解能力和逻辑推理能力，可精准理解用户的复杂需求并给出详尽、准确的回答。不论是科学知识的解答、文学艺术的探讨，还是技术咨询、生活常识查询，它都能迅速响应。 
在技术层面，通义千问采用了深度学习领域的最新研究成果，包括但不限于Transformer结构、多模态训练以及持续的微调优化。其模型参数量庞大，使其能汲取海量数据中的模式和规律，进而模拟人类对话的丰富多样性和流畅度，不断提升用户体验。
在实际应用场景中，通义千问被广泛应用于在线教育平台，帮助学生解决学习难题，激发求知欲；在企业服务环境中，它可以扮演智能助手的角色，提供全天候的客户咨询服务，有效提高服务质量及效率；同时，它还能协助创作者进行内容生成，比如撰写新闻稿件、编写故事大纲，甚至参与剧本创作等多种创造性工作。
不仅如此，通义千问亦注重伦理道德与社会责任的履行，在设计之初便融入了对用户隐私保护和信息安全的关注，严格遵守相关法律法规，致力于打造安全可靠的人工智能交互环境。
未来，随着人工智能技术的不断演进，通义千问将持续迭代升级，进一步提升其深度和广度，以满足更多样化的用户需求。它不仅是一个问答工具，更是一种具有前瞻性的智能交互范式，代表着下一代人工智能的发展趋势和潜力。通过不断的优化和改进，通义千问将在促进社会信息流通、赋能各行各业智能化转型方面发挥更加重要的作用，开启人机交互的新篇章。
为了全面验证通义千问的性能表现，进行严格的性能测试至关重要，这包括但不限于响应速度、答案准确性、上下文理解能力、创新思维以及跨领域知识综合运用等方面。通过大量的实际对话和问题测试，我们可以更好地评估模型的效能边界，挖掘潜在改进空间，从而确保通义千问始终处于行业领先地位，为用户提供更为优质的服务体验。
总之，通义千问作为一个全方位的语言处理工具，正以前所未有的智能水平改变着人们获取信息和解决问题的方式。通过持续的性能测试与优化，通义千问将进一步巩固自身在人工智能领域的领先地位，为用户带来更为智能、便捷、高效的沟通体验，推动社会向更加智慧化方向发展。"
[1712729499] tokens: [ '':31935, '':64559, '':99320, '':56007, '':3837, '':100622, '':102661, '':99718, '':111411, '':9370, '':101951, '':102064, '':104949, '':3837, '':109859, '':106556, '':9370, '':99795, '':102064, '':115167, '':43959, '':99788, '':96050, '':104455, '':100650, '':31843, '':112175, '':99760, '':64355, '':63836, '':1773, '':35926, '':105644, '':99919, '':3837, '':31935, '':64559, '':99320, '':56007, '':18493, '':107715, '':33108, '':99892, '':100419, '':17447, '':104847, '':104656, '':100735, '':3837, '':99902, '':112281, '':100746, '':20002, '':101254, '':105427, '':116928, '':5373, '':118348, '':49238, '':100610, '':3837, '':104241, '':99304, '':52334, '':104520, '':5373, '':100168, '':105041, '':5373, '':99460, '':104650, '':108211, '':102122, '':16872, '':100689, '':99936, '':100154, '':1773, '':198, '':31935, '':64559, '':99320, '':56007, '':104539, '':105483, '':98841, '':104034, '':104949, '':106379, '':3837, '':102094, '':104795, '':102285, '':16744, '':101128, '':106712, '':104913, '':113272, '':99788, '':3837, '':30440, '':102146, '':101128, '':107494, '':102181, '':100354, '':62926, '':107485, '':66833, '':99739, '':5373, '':102188, '':111423, '':1773, '':111911, '':99891, '':100032, '':9370, '':106185, '':5373, '':104179, '':100377, '':9370, '':105435, '':3837, '':99998, '':99361, '':100703, '':5373, '':99424, '':107537, '':51154, '':3837, '':99652, '':104297, '':104015, '':102808, '':1773, ' ':220, '':198, '':18493, '':99361, '':104873, '':3837, '':31935, '':64559, '':99320, '':56007, '':107359, '':102217, '':100134, '':104799, '':104027, '':113352, '':3837, '':100630, '':116509, 'Transformer':46358, '':100166, '':5373, '':42140, '':53772, '':35243, '':104034, '':101034, '':100652, '':9370, '':48934, '':47872, '':103983, '':1773, '':41146, '':104949, '':32665, '':32757, '':110053, '':3837, '':102989, '':26232, '':113831, '':112300, '':20074, '':101047, '':100144, '':33108, '':104466, '':3837, '':106581, '':105717, '':103971, '':105051, '':9370, '':100733, '':101725, '':105178, '':110205, '':26381, '':3837, '':107493, '':112458, '':1773, '':198, '':18493, '':99912, '':116541, '':15946, '':3837, '':31935, '':64559, '':99320, '':56007, '':99250, '':100789, '':110645, '':99107, '':99460, '':100133, '':3837, '':100364, '':99720, '':100638, '':100134, '':104768, '':3837, '':104970, '':30918, '':52183, '':101188, '':24968, '':18493, '':99304, '':47874, '':109130, '':3837, '':113667, '':102889, '':100168, '':110498, '':107201, '':3837, '':99553, '':112961, '':99383, '':9370, '':100017, '':113605, '':3837, '':88086, '':100627, '':111333, '':81217, '':101991, '':24968, '':91572, '':3837, '':99652, '':104246, '':105096, '':118297, '':71817, '':43815, '':43959, '':3837, '':101912, '':110479, '':100014, '':108474, '':5373, '':108598, '':101108, '':116472, '':3837, '':100636, '':100651, '':109620, '':104223, '':107860, '':110438, '':99257, '':1773, '':198, '':113012, '':3837, '':31935, '':64559, '':99320, '':56007, '':103972, '':104216, '':112811, '':102348, '':57218, '':108054, '':9370, '':104436, '':96050, '':70500, '':108957, '':99364, '':104691, '':34187, '':32664, '':20002, '':107120, '':100153, '':33108, '':115333, '':108762, '':3837, '':100470, '':105389, '':78556, '':106221, '':3837, '':104717, '':100362, '':99464, '':101650, '':100623, '':48692, '':100168, '':108221, '':99719, '':1773, '':198, '':100353, '':3837, '':101067, '':104455, '':99361, '':9370, '':99607, '':99312, '':41299, '':3837, '':31935, '':64559, '':99320, '':56007, '':112470, '':113862, '':100402, '':3837, '':100642, '':100341, '':41146, '':102217, '':33108, '':80942, '':26381, '':3837, '':23031, '':101929, '':99573, '':90885, '':105302, '':20002, '':100354, '':1773, '':99652, '':99902, '':101909, '':111436, '':102011, '':3837, '':33126, '':101158, '':100629, '':103759, '':104196, '':100168, '':108221, '':99453, '':28330, '':3837, '':112235, '':113887, '':104455, '':103949, '':101226, '':33108, '':102575, '':1773, '':67338, '':107515, '':103983, '':33108, '':105023, '':3837, '':31935, '':64559, '':99320, '':56007, '':104743, '':101902, '':99328, '':27369, '':105192, '':5373, '':107096, '':115181, '':105123, '':101230, '':99522, '':100689, '':101896, '':100799, '':100154, '':3837, '':102296, '':17340, '':32648, '':108221, '':104267, '':103798, '':1773, '':198, '':100012, '':100011, '':48927, '':31935, '':64559, '':99320, '':56007, '':9370, '':102111, '':101107, '':3837, '':71817, '':108623, '':102111, '':81705, '':107940, '':3837, '':43288, '':100630, '':116509, '':102808, '':101149, '':5373, '':102349, '':111076, '':5373, '':102285, '':16744, '':101128, '':99788, '':5373, '':99656, '':102141, '':101034, '':99960, '':100650, '':100032, '':99799, '':104026, '':102159, '':1773, '':67338, '':101514, '':99912, '':105051, '':33108, '':86119, '':81705, '':3837, '':105773, '':105344, '':102086, '':104949, '':9370, '':109041, '':108758, '':3837, '':102541, '':106362, '':105023, '':101054, '':3837, '':101982, '':103944, '':31935, '':64559, '':99320, '':56007, '':101217, '':101199, '':99717, '':116554, '':3837, '':17714, '':110782, '':104652, '':101172, '':105646, '':101904, '':1773, '':198, '':106279, '':3837, '':31935, '':64559, '':99320, '':56007, '':106249, '':105193, '':109824, '':54542, '':102011, '':3837, '':36556, '':103982, '':31838, '':38342, '':99996, '':100168, '':100021, '':101933, '':99164, '':100659, '':45912, '':27369, '':33108, '':107124, '':101990, '':1773, '':67338, '':100652, '':9370, '':102111, '':81705, '':57218, '':103983, '':3837, '':31935, '':64559, '':99320, '':56007, '':108856, '':105749, '':101960, '':18493, '':104455, '':104799, '':116554, '':3837, '':17714, '':20002, '':100393, '':104652, '':100168, '':5373, '':105499, '':5373, '':110012, '':104063, '':101904, '':3837, '':101890, '':99328, '':69041, '':101896, '':101934, '':32108, '':100696, '':99185, '':1773 ]
[1712729499] recalculate the cached logits (check): embd_inp.empty() false, n_matching_session_tokens 0, embd_inp.size() 567, session_tokens.size() 0, embd_inp.size() 567
[1712729499] inp_pfx: [ '':271, '###':14374, ' Instruction':29051, ':':1447 ]
[1712729499] inp_sfx: [ '':271, '###':14374, ' Response':5949, ':':1447 ]
[1712729499] cml_pfx: [ '':198, '':151644, 'user':872, '':198 ]
[1712729499] cml_sfx: [ '':151645, '':198, '':151644, 'assistant':77091, '':198 ]
[1712729499] main: interactive mode on.
[1712729499] Reverse prompt: '### Instruction:

'
[1712729499] sampling: 
	repeat_last_n = 64, repeat_penalty = 1.000, frequency_penalty = 0.000, presence_penalty = 0.000
	top_k = 40, tfs_z = 1.000, top_p = 0.950, min_p = 0.050, typical_p = 1.000, temp = 0.800
	mirostat = 0, mirostat_lr = 0.100, mirostat_ent = 5.000
[1712729499] sampling order: 
CFG -> Penalties -> top_k -> tfs_z -> typical_p -> top_p -> min_p -> temperature 
[1712729499] generate: n_ctx = 640, n_batch = 2048, n_predict = 50, n_keep = 567
[1712729499] <
[1712729499] 

[1712729499] == Running in interactive mode. ==
[1712729499]  - Press Ctrl+C to interject at any time.
[1712729499]  - Press Return to return control to LLaMa.
 - To return control without starting a new line, end your input with '/'.
 - If you want to submit another line, end your input with '\'.

[1712729499] embd_inp.size(): 567, n_consumed: 0
[1712729499] eval: [ '':31935, '':64559, '':99320, '':56007, '':3837, '':100622, '':102661, '':99718, '':111411, '':9370, '':101951, '':102064, '':104949, '':3837, '':109859, '':106556, '':9370, '':99795, '':102064, '':115167, '':43959, '':99788, '':96050, '':104455, '':100650, '':31843, '':112175, '':99760, '':64355, '':63836, '':1773, '':35926, '':105644, '':99919, '':3837, '':31935, '':64559, '':99320, '':56007, '':18493, '':107715, '':33108, '':99892, '':100419, '':17447, '':104847, '':104656, '':100735, '':3837, '':99902, '':112281, '':100746, '':20002, '':101254, '':105427, '':116928, '':5373, '':118348, '':49238, '':100610, '':3837, '':104241, '':99304, '':52334, '':104520, '':5373, '':100168, '':105041, '':5373, '':99460, '':104650, '':108211, '':102122, '':16872, '':100689, '':99936, '':100154, '':1773, '':198, '':31935, '':64559, '':99320, '':56007, '':104539, '':105483, '':98841, '':104034, '':104949, '':106379, '':3837, '':102094, '':104795, '':102285, '':16744, '':101128, '':106712, '':104913, '':113272, '':99788, '':3837, '':30440, '':102146, '':101128, '':107494, '':102181, '':100354, '':62926, '':107485, '':66833, '':99739, '':5373, '':102188, '':111423, '':1773, '':111911, '':99891, '':100032, '':9370, '':106185, '':5373, '':104179, '':100377, '':9370, '':105435, '':3837, '':99998, '':99361, '':100703, '':5373, '':99424, '':107537, '':51154, '':3837, '':99652, '':104297, '':104015, '':102808, '':1773, ' ':220, '':198, '':18493, '':99361, '':104873, '':3837, '':31935, '':64559, '':99320, '':56007, '':107359, '':102217, '':100134, '':104799, '':104027, '':113352, '':3837, '':100630, '':116509, 'Transformer':46358, '':100166, '':5373, '':42140, '':53772, '':35243, '':104034, '':101034, '':100652, '':9370, '':48934, '':47872, '':103983, '':1773, '':41146, '':104949, '':32665, '':32757, '':110053, '':3837, '':102989, '':26232, '':113831, '':112300, '':20074, '':101047, '':100144, '':33108, '':104466, '':3837, '':106581, '':105717, '':103971, '':105051, '':9370, '':100733, '':101725, '':105178, '':110205, '':26381, '':3837, '':107493, '':112458, '':1773, '':198, '':18493, '':99912, '':116541, '':15946, '':3837, '':31935, '':64559, '':99320, '':56007, '':99250, '':100789, '':110645, '':99107, '':99460, '':100133, '':3837, '':100364, '':99720, '':100638, '':100134, '':104768, '':3837, '':104970, '':30918, '':52183, '':101188, '':24968, '':18493, '':99304, '':47874, '':109130, '':3837, '':113667, '':102889, '':100168, '':110498, '':107201, '':3837, '':99553, '':112961, '':99383, '':9370, '':100017, '':113605, '':3837, '':88086, '':100627, '':111333, '':81217, '':101991, '':24968, '':91572, '':3837, '':99652, '':104246, '':105096, '':118297, '':71817, '':43815, '':43959, '':3837, '':101912, '':110479, '':100014, '':108474, '':5373, '':108598, '':101108, '':116472, '':3837, '':100636, '':100651, '':109620, '':104223, '':107860, '':110438, '':99257, '':1773, '':198, '':113012, '':3837, '':31935, '':64559, '':99320, '':56007, '':103972, '':104216, '':112811, '':102348, '':57218, '':108054, '':9370, '':104436, '':96050, '':70500, '':108957, '':99364, '':104691, '':34187, '':32664, '':20002, '':107120, '':100153, '':33108, '':115333, '':108762, '':3837, '':100470, '':105389, '':78556, '':106221, '':3837, '':104717, '':100362, '':99464, '':101650, '':100623, '':48692, '':100168, '':108221, '':99719, '':1773, '':198, '':100353, '':3837, '':101067, '':104455, '':99361, '':9370, '':99607, '':99312, '':41299, '':3837, '':31935, '':64559, '':99320, '':56007, '':112470, '':113862, '':100402, '':3837, '':100642, '':100341, '':41146, '':102217, '':33108, '':80942, '':26381, '':3837, '':23031, '':101929, '':99573, '':90885, '':105302, '':20002, '':100354, '':1773, '':99652, '':99902, '':101909, '':111436, '':102011, '':3837, '':33126, '':101158, '':100629, '':103759, '':104196, '':100168, '':108221, '':99453, '':28330, '':3837, '':112235, '':113887, '':104455, '':103949, '':101226, '':33108, '':102575, '':1773, '':67338, '':107515, '':103983, '':33108, '':105023, '':3837, '':31935, '':64559, '':99320, '':56007, '':104743, '':101902, '':99328, '':27369, '':105192, '':5373, '':107096, '':115181, '':105123, '':101230, '':99522, '':100689, '':101896, '':100799, '':100154, '':3837, '':102296, '':17340, '':32648, '':108221, '':104267, '':103798, '':1773, '':198, '':100012, '':100011, '':48927, '':31935, '':64559, '':99320, '':56007, '':9370, '':102111, '':101107, '':3837, '':71817, '':108623, '':102111, '':81705, '':107940, '':3837, '':43288, '':100630, '':116509, '':102808, '':101149, '':5373, '':102349, '':111076, '':5373, '':102285, '':16744, '':101128, '':99788, '':5373, '':99656, '':102141, '':101034, '':99960, '':100650, '':100032, '':99799, '':104026, '':102159, '':1773, '':67338, '':101514, '':99912, '':105051, '':33108, '':86119, '':81705, '':3837, '':105773, '':105344, '':102086, '':104949, '':9370, '':109041, '':108758, '':3837, '':102541, '':106362, '':105023, '':101054, '':3837, '':101982, '':103944, '':31935, '':64559, '':99320, '':56007, '':101217, '':101199, '':99717, '':116554, '':3837, '':17714, '':110782, '':104652, '':101172, '':105646, '':101904, '':1773, '':198, '':106279, '':3837, '':31935, '':64559, '':99320, '':56007, '':106249, '':105193, '':109824, '':54542, '':102011, '':3837, '':36556, '':103982, '':31838, '':38342, '':99996, '':100168, '':100021, '':101933, '':99164, '':100659, '':45912, '':27369, '':33108, '':107124, '':101990, '':1773, '':67338, '':100652, '':9370, '':102111, '':81705, '':57218, '':103983, '':3837, '':31935, '':64559, '':99320, '':56007, '':108856, '':105749, '':101960, '':18493, '':104455, '':104799, '':116554, '':3837, '':17714, '':20002, '':100393, '':104652, '':100168, '':5373, '':105499, '':5373, '':110012, '':104063, '':101904, '':3837, '':101890, '':99328, '':69041, '':101896, '':101934, '':32108, '':100696, '':99185, '':1773 ]
[1712729531] n_past = 567
[1712729531] embd_inp.size(): 567, n_consumed: 567
[1712729531] waiting for user input
[1712729533] empty line, passing control back
[1712729533] last: [ '!':0, '!':0, '!':0, '!':0, '!':0, '!':0, '!':0, '!':0, '!':0, '!':0, '!':0, '!':0, '!':0, '!':0, '!':0, '!':0, '!':0, '!':0, '!':0, '!':0, '!':0, '!':0, '!':0, '!':0, '!':0, '!':0, '!':0, '!':0, '!':0, '!':0, '!':0, '!':0, '!':0, '!':0, '!':0, '!':0, '!':0, '!':0, '!':0, '!':0, '!':0, '!':0, '!':0, '!':0, '!':0, '!':0, '!':0, '!':0, '!':0, '!':0, '!':0, '!':0, '!':0, '!':0, '!':0, '!':0, '!':0, '!':0, '!':0, '!':0, '!':0, '!':0, '!':0, '':151643 ]
[1712729533] n_remain: 49
[1712729533] eval: [ '':151643 ]
[1712729533] n_past = 568
[1712729533] last: [ '!':0, '!':0, '!':0, '!':0, '!':0, '!':0, '!':0, '!':0, '!':0, '!':0, '!':0, '!':0, '!':0, '!':0, '!':0, '!':0, '!':0, '!':0, '!':0, '!':0, '!':0, '!':0, '!':0, '!':0, '!':0, '!':0, '!':0, '!':0, '!':0, '!':0, '!':0, '!':0, '!':0, '!':0, '!':0, '!':0, '!':0, '!':0, '!':0, '!':0, '!':0, '!':0, '!':0, '!':0, '!':0, '!':0, '!':0, '!':0, '!':0, '!':0, '!':0, '!':0, '!':0, '!':0, '!':0, '!':0, '!':0, '!':0, '!':0, '!':0, '!':0, '!':0, '':151643, '':26940 ]
[1712729533] n_remain: 48
[1712729533] eval: [ '':26940 ]
[1712729533] n_past = 569
[1712729533] last: [ '!':0, '!':0, '!':0, '!':0, '!':0, '!':0, '!':0, '!':0, '!':0, '!':0, '!':0, '!':0, '!':0, '!':0, '!':0, '!':0, '!':0, '!':0, '!':0, '!':0, '!':0, '!':0, '!':0, '!':0, '!':0, '!':0, '!':0, '!':0, '!':0, '!':0, '!':0, '!':0, '!':0, '!':0, '!':0, '!':0, '!':0, '!':0, '!':0, '!':0, '!':0, '!':0, '!':0, '!':0, '!':0, '!':0, '!':0, '!':0, '!':0, '!':0, '!':0, '!':0, '!':0, '!':0, '!':0, '!':0, '!':0, '!':0, '!':0, '!':0, '!':0, '':151643, '':26940, '':99599 ]
[1712729533] n_remain: 47
[1712729533] eval: [ '':99599 ]
[1712729533] n_past = 570
[1712729533] last: [ '!':0, '!':0, '!':0, '!':0, '!':0, '!':0, '!':0, '!':0, '!':0, '!':0, '!':0, '!':0, '!':0, '!':0, '!':0, '!':0, '!':0, '!':0, '!':0, '!':0, '!':0, '!':0, '!':0, '!':0, '!':0, '!':0, '!':0, '!':0, '!':0, '!':0, '!':0, '!':0, '!':0, '!':0, '!':0, '!':0, '!':0, '!':0, '!':0, '!':0, '!':0, '!':0, '!':0, '!':0, '!':0, '!':0, '!':0, '!':0, '!':0, '!':0, '!':0, '!':0, '!':0, '!':0, '!':0, '!':0, '!':0, '!':0, '!':0, '!':0, '':151643, '':26940, '':99599, '':105102 ]
[1712729533] n_remain: 46
[1712729533] eval: [ '':105102 ]
[1712729534] n_past = 571
[1712729534] last: [ '!':0, '!':0, '!':0, '!':0, '!':0, '!':0, '!':0, '!':0, '!':0, '!':0, '!':0, '!':0, '!':0, '!':0, '!':0, '!':0, '!':0, '!':0, '!':0, '!':0, '!':0, '!':0, '!':0, '!':0, '!':0, '!':0, '!':0, '!':0, '!':0, '!':0, '!':0, '!':0, '!':0, '!':0, '!':0, '!':0, '!':0, '!':0, '!':0, '!':0, '!':0, '!':0, '!':0, '!':0, '!':0, '!':0, '!':0, '!':0, '!':0, '!':0, '!':0, '!':0, '!':0, '!':0, '!':0, '!':0, '!':0, '!':0, '!':0, '':151643, '':26940, '':99599, '':105102, '':73218 ]
[1712729534] n_remain: 45
[1712729534] eval: [ '':73218 ]
[1712729534] n_past = 572
[1712729534] last: [ '!':0, '!':0, '!':0, '!':0, '!':0, '!':0, '!':0, '!':0, '!':0, '!':0, '!':0, '!':0, '!':0, '!':0, '!':0, '!':0, '!':0, '!':0, '!':0, '!':0, '!':0, '!':0, '!':0, '!':0, '!':0, '!':0, '!':0, '!':0, '!':0, '!':0, '!':0, '!':0, '!':0, '!':0, '!':0, '!':0, '!':0, '!':0, '!':0, '!':0, '!':0, '!':0, '!':0, '!':0, '!':0, '!':0, '!':0, '!':0, '!':0, '!':0, '!':0, '!':0, '!':0, '!':0, '!':0, '!':0, '!':0, '!':0, '':151643, '':26940, '':99599, '':105102, '':73218, '2':17 ]
[1712729534] n_remain: 44
[1712729534] eval: [ '2':17 ]
[1712729534] n_past = 573
[1712729534] last: [ '!':0, '!':0, '!':0, '!':0, '!':0, '!':0, '!':0, '!':0, '!':0, '!':0, '!':0, '!':0, '!':0, '!':0, '!':0, '!':0, '!':0, '!':0, '!':0, '!':0, '!':0, '!':0, '!':0, '!':0, '!':0, '!':0, '!':0, '!':0, '!':0, '!':0, '!':0, '!':0, '!':0, '!':0, '!':0, '!':0, '!':0, '!':0, '!':0, '!':0, '!':0, '!':0, '!':0, '!':0, '!':0, '!':0, '!':0, '!':0, '!':0, '!':0, '!':0, '!':0, '!':0, '!':0, '!':0, '!':0, '!':0, '':151643, '':26940, '':99599, '':105102, '':73218, '2':17, '0':15 ]
[1712729534] n_remain: 43
[1712729534] eval: [ '0':15 ]
[1712729534] n_past = 574
[1712729534] last: [ '!':0, '!':0, '!':0, '!':0, '!':0, '!':0, '!':0, '!':0, '!':0, '!':0, '!':0, '!':0, '!':0, '!':0, '!':0, '!':0, '!':0, '!':0, '!':0, '!':0, '!':0, '!':0, '!':0, '!':0, '!':0, '!':0, '!':0, '!':0, '!':0, '!':0, '!':0, '!':0, '!':0, '!':0, '!':0, '!':0, '!':0, '!':0, '!':0, '!':0, '!':0, '!':0, '!':0, '!':0, '!':0, '!':0, '!':0, '!':0, '!':0, '!':0, '!':0, '!':0, '!':0, '!':0, '!':0, '!':0, '':151643, '':26940, '':99599, '':105102, '':73218, '2':17, '0':15, '1':16 ]
[1712729534] n_remain: 42
[1712729534] eval: [ '1':16 ]
[1712729534] n_past = 575
[1712729534] last: [ '!':0, '!':0, '!':0, '!':0, '!':0, '!':0, '!':0, '!':0, '!':0, '!':0, '!':0, '!':0, '!':0, '!':0, '!':0, '!':0, '!':0, '!':0, '!':0, '!':0, '!':0, '!':0, '!':0, '!':0, '!':0, '!':0, '!':0, '!':0, '!':0, '!':0, '!':0, '!':0, '!':0, '!':0, '!':0, '!':0, '!':0, '!':0, '!':0, '!':0, '!':0, '!':0, '!':0, '!':0, '!':0, '!':0, '!':0, '!':0, '!':0, '!':0, '!':0, '!':0, '!':0, '!':0, '!':0, '':151643, '':26940, '':99599, '':105102, '':73218, '2':17, '0':15, '1':16, '8':23 ]
[1712729534] n_remain: 41
[1712729534] eval: [ '8':23 ]
[1712729534] n_past = 576
[1712729534] last: [ '!':0, '!':0, '!':0, '!':0, '!':0, '!':0, '!':0, '!':0, '!':0, '!':0, '!':0, '!':0, '!':0, '!':0, '!':0, '!':0, '!':0, '!':0, '!':0, '!':0, '!':0, '!':0, '!':0, '!':0, '!':0, '!':0, '!':0, '!':0, '!':0, '!':0, '!':0, '!':0, '!':0, '!':0, '!':0, '!':0, '!':0, '!':0, '!':0, '!':0, '!':0, '!':0, '!':0, '!':0, '!':0, '!':0, '!':0, '!':0, '!':0, '!':0, '!':0, '!':0, '!':0, '!':0, '':151643, '':26940, '':99599, '':105102, '':73218, '2':17, '0':15, '1':16, '8':23, '':7948 ]
[1712729534] n_remain: 40
[1712729534] eval: [ '':7948 ]
[1712729534] n_past = 577
[1712729534] last: [ '!':0, '!':0, '!':0, '!':0, '!':0, '!':0, '!':0, '!':0, '!':0, '!':0, '!':0, '!':0, '!':0, '!':0, '!':0, '!':0, '!':0, '!':0, '!':0, '!':0, '!':0, '!':0, '!':0, '!':0, '!':0, '!':0, '!':0, '!':0, '!':0, '!':0, '!':0, '!':0, '!':0, '!':0, '!':0, '!':0, '!':0, '!':0, '!':0, '!':0, '!':0, '!':0, '!':0, '!':0, '!':0, '!':0, '!':0, '!':0, '!':0, '!':0, '!':0, '!':0, '!':0, '':151643, '':26940, '':99599, '':105102, '':73218, '2':17, '0':15, '1':16, '8':23, '':7948, '':99304 ]
[1712729534] n_remain: 39
[1712729534] eval: [ '':99304 ]
[1712729534] n_past = 578
[1712729534] last: [ '!':0, '!':0, '!':0, '!':0, '!':0, '!':0, '!':0, '!':0, '!':0, '!':0, '!':0, '!':0, '!':0, '!':0, '!':0, '!':0, '!':0, '!':0, '!':0, '!':0, '!':0, '!':0, '!':0, '!':0, '!':0, '!':0, '!':0, '!':0, '!':0, '!':0, '!':0, '!':0, '!':0, '!':0, '!':0, '!':0, '!':0, '!':0, '!':0, '!':0, '!':0, '!':0, '!':0, '!':0, '!':0, '!':0, '!':0, '!':0, '!':0, '!':0, '!':0, '!':0, '':151643, '':26940, '':99599, '':105102, '':73218, '2':17, '0':15, '1':16, '8':23, '':7948, '':99304, '':108054 ]
[1712729534] n_remain: 38
[1712729534] eval: [ '':108054 ]
[1712729534] n_past = 579
[1712729534] last: [ '!':0, '!':0, '!':0, '!':0, '!':0, '!':0, '!':0, '!':0, '!':0, '!':0, '!':0, '!':0, '!':0, '!':0, '!':0, '!':0, '!':0, '!':0, '!':0, '!':0, '!':0, '!':0, '!':0, '!':0, '!':0, '!':0, '!':0, '!':0, '!':0, '!':0, '!':0, '!':0, '!':0, '!':0, '!':0, '!':0, '!':0, '!':0, '!':0, '!':0, '!':0, '!':0, '!':0, '!':0, '!':0, '!':0, '!':0, '!':0, '!':0, '!':0, '!':0, '':151643, '':26940, '':99599, '':105102, '':73218, '2':17, '0':15, '1':16, '8':23, '':7948, '':99304, '':108054, '':100370 ]
[1712729534] n_remain: 37
[1712729534] eval: [ '':100370 ]
[1712729534] n_past = 580
[1712729534] last: [ '!':0, '!':0, '!':0, '!':0, '!':0, '!':0, '!':0, '!':0, '!':0, '!':0, '!':0, '!':0, '!':0, '!':0, '!':0, '!':0, '!':0, '!':0, '!':0, '!':0, '!':0, '!':0, '!':0, '!':0, '!':0, '!':0, '!':0, '!':0, '!':0, '!':0, '!':0, '!':0, '!':0, '!':0, '!':0, '!':0, '!':0, '!':0, '!':0, '!':0, '!':0, '!':0, '!':0, '!':0, '!':0, '!':0, '!':0, '!':0, '!':0, '!':0, '':151643, '':26940, '':99599, '':105102, '':73218, '2':17, '0':15, '1':16, '8':23, '':7948, '':99304, '':108054, '':100370, '':25067 ]
[1712729534] n_remain: 36
[1712729534] eval: [ '':25067 ]
[1712729534] n_past = 581
[1712729534] last: [ '!':0, '!':0, '!':0, '!':0, '!':0, '!':0, '!':0, '!':0, '!':0, '!':0, '!':0, '!':0, '!':0, '!':0, '!':0, '!':0, '!':0, '!':0, '!':0, '!':0, '!':0, '!':0, '!':0, '!':0, '!':0, '!':0, '!':0, '!':0, '!':0, '!':0, '!':0, '!':0, '!':0, '!':0, '!':0, '!':0, '!':0, '!':0, '!':0, '!':0, '!':0, '!':0, '!':0, '!':0, '!':0, '!':0, '!':0, '!':0, '!':0, '':151643, '':26940, '':99599, '':105102, '':73218, '2':17, '0':15, '1':16, '8':23, '':7948, '':99304, '':108054, '':100370, '':25067, '':103988 ]
[1712729534] n_remain: 35
[1712729534] eval: [ '':103988 ]
[1712729534] n_past = 582
[1712729534] last: [ '!':0, '!':0, '!':0, '!':0, '!':0, '!':0, '!':0, '!':0, '!':0, '!':0, '!':0, '!':0, '!':0, '!':0, '!':0, '!':0, '!':0, '!':0, '!':0, '!':0, '!':0, '!':0, '!':0, '!':0, '!':0, '!':0, '!':0, '!':0, '!':0, '!':0, '!':0, '!':0, '!':0, '!':0, '!':0, '!':0, '!':0, '!':0, '!':0, '!':0, '!':0, '!':0, '!':0, '!':0, '!':0, '!':0, '!':0, '!':0, '':151643, '':26940, '':99599, '':105102, '':73218, '2':17, '0':15, '1':16, '8':23, '':7948, '':99304, '':108054, '':100370, '':25067, '':103988, '':3837 ]
[1712729534] n_remain: 34
[1712729534] eval: [ '':3837 ]
[1712729534] n_past = 583
[1712729534] last: [ '!':0, '!':0, '!':0, '!':0, '!':0, '!':0, '!':0, '!':0, '!':0, '!':0, '!':0, '!':0, '!':0, '!':0, '!':0, '!':0, '!':0, '!':0, '!':0, '!':0, '!':0, '!':0, '!':0, '!':0, '!':0, '!':0, '!':0, '!':0, '!':0, '!':0, '!':0, '!':0, '!':0, '!':0, '!':0, '!':0, '!':0, '!':0, '!':0, '!':0, '!':0, '!':0, '!':0, '!':0, '!':0, '!':0, '!':0, '':151643, '':26940, '':99599, '':105102, '':73218, '2':17, '0':15, '1':16, '8':23, '':7948, '':99304, '':108054, '':100370, '':25067, '':103988, '':3837, '':17714 ]
[1712729534] n_remain: 33
[1712729534] eval: [ '':17714 ]
[1712729534] n_past = 584
[1712729534] last: [ '!':0, '!':0, '!':0, '!':0, '!':0, '!':0, '!':0, '!':0, '!':0, '!':0, '!':0, '!':0, '!':0, '!':0, '!':0, '!':0, '!':0, '!':0, '!':0, '!':0, '!':0, '!':0, '!':0, '!':0, '!':0, '!':0, '!':0, '!':0, '!':0, '!':0, '!':0, '!':0, '!':0, '!':0, '!':0, '!':0, '!':0, '!':0, '!':0, '!':0, '!':0, '!':0, '!':0, '!':0, '!':0, '!':0, '':151643, '':26940, '':99599, '':105102, '':73218, '2':17, '0':15, '1':16, '8':23, '':7948, '':99304, '':108054, '':100370, '':25067, '':103988, '':3837, '':17714, '':100403 ]
[1712729534] n_remain: 32
[1712729534] eval: [ '':100403 ]
[1712729534] n_past = 585
[1712729534] last: [ '!':0, '!':0, '!':0, '!':0, '!':0, '!':0, '!':0, '!':0, '!':0, '!':0, '!':0, '!':0, '!':0, '!':0, '!':0, '!':0, '!':0, '!':0, '!':0, '!':0, '!':0, '!':0, '!':0, '!':0, '!':0, '!':0, '!':0, '!':0, '!':0, '!':0, '!':0, '!':0, '!':0, '!':0, '!':0, '!':0, '!':0, '!':0, '!':0, '!':0, '!':0, '!':0, '!':0, '!':0, '!':0, '':151643, '':26940, '':99599, '':105102, '':73218, '2':17, '0':15, '1':16, '8':23, '':7948, '':99304, '':108054, '':100370, '':25067, '':103988, '':3837, '':17714, '':100403, '':109920 ]
[1712729534] n_remain: 31
[1712729534] eval: [ '':109920 ]
[1712729534] n_past = 586
[1712729534] last: [ '!':0, '!':0, '!':0, '!':0, '!':0, '!':0, '!':0, '!':0, '!':0, '!':0, '!':0, '!':0, '!':0, '!':0, '!':0, '!':0, '!':0, '!':0, '!':0, '!':0, '!':0, '!':0, '!':0, '!':0, '!':0, '!':0, '!':0, '!':0, '!':0, '!':0, '!':0, '!':0, '!':0, '!':0, '!':0, '!':0, '!':0, '!':0, '!':0, '!':0, '!':0, '!':0, '!':0, '!':0, '':151643, '':26940, '':99599, '':105102, '':73218, '2':17, '0':15, '1':16, '8':23, '':7948, '':99304, '':108054, '':100370, '':25067, '':103988, '':3837, '':17714, '':100403, '':109920, '':111925 ]
[1712729534] n_remain: 30
[1712729534] eval: [ '':111925 ]
[1712729534] n_past = 587
[1712729534] last: [ '!':0, '!':0, '!':0, '!':0, '!':0, '!':0, '!':0, '!':0, '!':0, '!':0, '!':0, '!':0, '!':0, '!':0, '!':0, '!':0, '!':0, '!':0, '!':0, '!':0, '!':0, '!':0, '!':0, '!':0, '!':0, '!':0, '!':0, '!':0, '!':0, '!':0, '!':0, '!':0, '!':0, '!':0, '!':0, '!':0, '!':0, '!':0, '!':0, '!':0, '!':0, '!':0, '!':0, '':151643, '':26940, '':99599, '':105102, '':73218, '2':17, '0':15, '1':16, '8':23, '':7948, '':99304, '':108054, '':100370, '':25067, '':103988, '':3837, '':17714, '':100403, '':109920, '':111925, '':26288 ]
[1712729534] n_remain: 29
[1712729534] eval: [ '':26288 ]
[1712729534] n_past = 588
[1712729534] last: [ '!':0, '!':0, '!':0, '!':0, '!':0, '!':0, '!':0, '!':0, '!':0, '!':0, '!':0, '!':0, '!':0, '!':0, '!':0, '!':0, '!':0, '!':0, '!':0, '!':0, '!':0, '!':0, '!':0, '!':0, '!':0, '!':0, '!':0, '!':0, '!':0, '!':0, '!':0, '!':0, '!':0, '!':0, '!':0, '!':0, '!':0, '!':0, '!':0, '!':0, '!':0, '!':0, '':151643, '':26940, '':99599, '':105102, '':73218, '2':17, '0':15, '1':16, '8':23, '':7948, '':99304, '':108054, '':100370, '':25067, '':103988, '':3837, '':17714, '':100403, '':109920, '':111925, '':26288, '':100150 ]
[1712729534] n_remain: 28
[1712729534] eval: [ '':100150 ]
[1712729534] n_past = 589
[1712729534] last: [ '!':0, '!':0, '!':0, '!':0, '!':0, '!':0, '!':0, '!':0, '!':0, '!':0, '!':0, '!':0, '!':0, '!':0, '!':0, '!':0, '!':0, '!':0, '!':0, '!':0, '!':0, '!':0, '!':0, '!':0, '!':0, '!':0, '!':0, '!':0, '!':0, '!':0, '!':0, '!':0, '!':0, '!':0, '!':0, '!':0, '!':0, '!':0, '!':0, '!':0, '!':0, '':151643, '':26940, '':99599, '':105102, '':73218, '2':17, '0':15, '1':16, '8':23, '':7948, '':99304, '':108054, '':100370, '':25067, '':103988, '':3837, '':17714, '':100403, '':109920, '':111925, '':26288, '':100150, '':3837 ]
[1712729534] n_remain: 27
[1712729534] eval: [ '':3837 ]
[1712729534] n_past = 590
[1712729534] last: [ '!':0, '!':0, '!':0, '!':0, '!':0, '!':0, '!':0, '!':0, '!':0, '!':0, '!':0, '!':0, '!':0, '!':0, '!':0, '!':0, '!':0, '!':0, '!':0, '!':0, '!':0, '!':0, '!':0, '!':0, '!':0, '!':0, '!':0, '!':0, '!':0, '!':0, '!':0, '!':0, '!':0, '!':0, '!':0, '!':0, '!':0, '!':0, '!':0, '!':0, '':151643, '':26940, '':99599, '':105102, '':73218, '2':17, '0':15, '1':16, '8':23, '':7948, '':99304, '':108054, '':100370, '':25067, '':103988, '':3837, '':17714, '':100403, '':109920, '':111925, '':26288, '':100150, '':3837, '':73218 ]
[1712729534] n_remain: 26
[1712729534] eval: [ '':73218 ]
[1712729534] n_past = 591
[1712729534] last: [ '!':0, '!':0, '!':0, '!':0, '!':0, '!':0, '!':0, '!':0, '!':0, '!':0, '!':0, '!':0, '!':0, '!':0, '!':0, '!':0, '!':0, '!':0, '!':0, '!':0, '!':0, '!':0, '!':0, '!':0, '!':0, '!':0, '!':0, '!':0, '!':0, '!':0, '!':0, '!':0, '!':0, '!':0, '!':0, '!':0, '!':0, '!':0, '!':0, '':151643, '':26940, '':99599, '':105102, '':73218, '2':17, '0':15, '1':16, '8':23, '':7948, '':99304, '':108054, '':100370, '':25067, '':103988, '':3837, '':17714, '':100403, '':109920, '':111925, '':26288, '':100150, '':3837, '':73218, '':104536 ]
[1712729534] n_remain: 25
[1712729534] eval: [ '':104536 ]
[1712729534] n_past = 592
[1712729534] last: [ '!':0, '!':0, '!':0, '!':0, '!':0, '!':0, '!':0, '!':0, '!':0, '!':0, '!':0, '!':0, '!':0, '!':0, '!':0, '!':0, '!':0, '!':0, '!':0, '!':0, '!':0, '!':0, '!':0, '!':0, '!':0, '!':0, '!':0, '!':0, '!':0, '!':0, '!':0, '!':0, '!':0, '!':0, '!':0, '!':0, '!':0, '!':0, '':151643, '':26940, '':99599, '':105102, '':73218, '2':17, '0':15, '1':16, '8':23, '':7948, '':99304, '':108054, '':100370, '':25067, '':103988, '':3837, '':17714, '':100403, '':109920, '':111925, '':26288, '':100150, '':3837, '':73218, '':104536, '':100727 ]
[1712729534] n_remain: 24
[1712729534] eval: [ '':100727 ]
[1712729534] n_past = 593
[1712729534] last: [ '!':0, '!':0, '!':0, '!':0, '!':0, '!':0, '!':0, '!':0, '!':0, '!':0, '!':0, '!':0, '!':0, '!':0, '!':0, '!':0, '!':0, '!':0, '!':0, '!':0, '!':0, '!':0, '!':0, '!':0, '!':0, '!':0, '!':0, '!':0, '!':0, '!':0, '!':0, '!':0, '!':0, '!':0, '!':0, '!':0, '!':0, '':151643, '':26940, '':99599, '':105102, '':73218, '2':17, '0':15, '1':16, '8':23, '':7948, '':99304, '':108054, '':100370, '':25067, '':103988, '':3837, '':17714, '':100403, '':109920, '':111925, '':26288, '':100150, '':3837, '':73218, '':104536, '':100727, '':103927 ]
[1712729534] n_remain: 23
[1712729534] eval: [ '':103927 ]
[1712729534] n_past = 594
[1712729534] last: [ '!':0, '!':0, '!':0, '!':0, '!':0, '!':0, '!':0, '!':0, '!':0, '!':0, '!':0, '!':0, '!':0, '!':0, '!':0, '!':0, '!':0, '!':0, '!':0, '!':0, '!':0, '!':0, '!':0, '!':0, '!':0, '!':0, '!':0, '!':0, '!':0, '!':0, '!':0, '!':0, '!':0, '!':0, '!':0, '!':0, '':151643, '':26940, '':99599, '':105102, '':73218, '2':17, '0':15, '1':16, '8':23, '':7948, '':99304, '':108054, '':100370, '':25067, '':103988, '':3837, '':17714, '':100403, '':109920, '':111925, '':26288, '':100150, '':3837, '':73218, '':104536, '':100727, '':103927, '':101290 ]
[1712729534] n_remain: 22
[1712729534] eval: [ '':101290 ]
[1712729534] n_past = 595
[1712729534] last: [ '!':0, '!':0, '!':0, '!':0, '!':0, '!':0, '!':0, '!':0, '!':0, '!':0, '!':0, '!':0, '!':0, '!':0, '!':0, '!':0, '!':0, '!':0, '!':0, '!':0, '!':0, '!':0, '!':0, '!':0, '!':0, '!':0, '!':0, '!':0, '!':0, '!':0, '!':0, '!':0, '!':0, '!':0, '!':0, '':151643, '':26940, '':99599, '':105102, '':73218, '2':17, '0':15, '1':16, '8':23, '':7948, '':99304, '':108054, '':100370, '':25067, '':103988, '':3837, '':17714, '':100403, '':109920, '':111925, '':26288, '':100150, '':3837, '':73218, '':104536, '':100727, '':103927, '':101290, '':33108 ]
[1712729534] n_remain: 21
[1712729534] eval: [ '':33108 ]
[1712729534] n_past = 596
[1712729534] last: [ '!':0, '!':0, '!':0, '!':0, '!':0, '!':0, '!':0, '!':0, '!':0, '!':0, '!':0, '!':0, '!':0, '!':0, '!':0, '!':0, '!':0, '!':0, '!':0, '!':0, '!':0, '!':0, '!':0, '!':0, '!':0, '!':0, '!':0, '!':0, '!':0, '!':0, '!':0, '!':0, '!':0, '!':0, '':151643, '':26940, '':99599, '':105102, '':73218, '2':17, '0':15, '1':16, '8':23, '':7948, '':99304, '':108054, '':100370, '':25067, '':103988, '':3837, '':17714, '':100403, '':109920, '':111925, '':26288, '':100150, '':3837, '':73218, '':104536, '':100727, '':103927, '':101290, '':33108, '':100675 ]
[1712729534] n_remain: 20
[1712729534] eval: [ '':100675 ]
[1712729534] n_past = 597
[1712729534] last: [ '!':0, '!':0, '!':0, '!':0, '!':0, '!':0, '!':0, '!':0, '!':0, '!':0, '!':0, '!':0, '!':0, '!':0, '!':0, '!':0, '!':0, '!':0, '!':0, '!':0, '!':0, '!':0, '!':0, '!':0, '!':0, '!':0, '!':0, '!':0, '!':0, '!':0, '!':0, '!':0, '!':0, '':151643, '':26940, '':99599, '':105102, '':73218, '2':17, '0':15, '1':16, '8':23, '':7948, '':99304, '':108054, '':100370, '':25067, '':103988, '':3837, '':17714, '':100403, '':109920, '':111925, '':26288, '':100150, '':3837, '':73218, '':104536, '':100727, '':103927, '':101290, '':33108, '':100675, '':103241 ]
[1712729534] n_remain: 19
[1712729534] eval: [ '':103241 ]
[1712729534] n_past = 598
[1712729534] last: [ '!':0, '!':0, '!':0, '!':0, '!':0, '!':0, '!':0, '!':0, '!':0, '!':0, '!':0, '!':0, '!':0, '!':0, '!':0, '!':0, '!':0, '!':0, '!':0, '!':0, '!':0, '!':0, '!':0, '!':0, '!':0, '!':0, '!':0, '!':0, '!':0, '!':0, '!':0, '!':0, '':151643, '':26940, '':99599, '':105102, '':73218, '2':17, '0':15, '1':16, '8':23, '':7948, '':99304, '':108054, '':100370, '':25067, '':103988, '':3837, '':17714, '':100403, '':109920, '':111925, '':26288, '':100150, '':3837, '':73218, '':104536, '':100727, '':103927, '':101290, '':33108, '':100675, '':103241, '':99213 ]
[1712729534] n_remain: 18
[1712729534] eval: [ '':99213 ]
[1712729534] n_past = 599
[1712729534] last: [ '!':0, '!':0, '!':0, '!':0, '!':0, '!':0, '!':0, '!':0, '!':0, '!':0, '!':0, '!':0, '!':0, '!':0, '!':0, '!':0, '!':0, '!':0, '!':0, '!':0, '!':0, '!':0, '!':0, '!':0, '!':0, '!':0, '!':0, '!':0, '!':0, '!':0, '!':0, '':151643, '':26940, '':99599, '':105102, '':73218, '2':17, '0':15, '1':16, '8':23, '':7948, '':99304, '':108054, '':100370, '':25067, '':103988, '':3837, '':17714, '':100403, '':109920, '':111925, '':26288, '':100150, '':3837, '':73218, '':104536, '':100727, '':103927, '':101290, '':33108, '':100675, '':103241, '':99213, '':3837 ]
[1712729534] n_remain: 17
[1712729534] eval: [ '':3837 ]
[1712729534] n_past = 600
[1712729534] last: [ '!':0, '!':0, '!':0, '!':0, '!':0, '!':0, '!':0, '!':0, '!':0, '!':0, '!':0, '!':0, '!':0, '!':0, '!':0, '!':0, '!':0, '!':0, '!':0, '!':0, '!':0, '!':0, '!':0, '!':0, '!':0, '!':0, '!':0, '!':0, '!':0, '!':0, '':151643, '':26940, '':99599, '':105102, '':73218, '2':17, '0':15, '1':16, '8':23, '':7948, '':99304, '':108054, '':100370, '':25067, '':103988, '':3837, '':17714, '':100403, '':109920, '':111925, '':26288, '':100150, '':3837, '':73218, '':104536, '':100727, '':103927, '':101290, '':33108, '':100675, '':103241, '':99213, '':3837, '':99666 ]
[1712729534] n_remain: 16
[1712729534] eval: [ '':99666 ]
[1712729534] n_past = 601
[1712729534] last: [ '!':0, '!':0, '!':0, '!':0, '!':0, '!':0, '!':0, '!':0, '!':0, '!':0, '!':0, '!':0, '!':0, '!':0, '!':0, '!':0, '!':0, '!':0, '!':0, '!':0, '!':0, '!':0, '!':0, '!':0, '!':0, '!':0, '!':0, '!':0, '!':0, '':151643, '':26940, '':99599, '':105102, '':73218, '2':17, '0':15, '1':16, '8':23, '':7948, '':99304, '':108054, '':100370, '':25067, '':103988, '':3837, '':17714, '':100403, '':109920, '':111925, '':26288, '':100150, '':3837, '':73218, '':104536, '':100727, '':103927, '':101290, '':33108, '':100675, '':103241, '':99213, '':3837, '':99666, '':106288 ]
[1712729534] n_remain: 15
[1712729534] eval: [ '':106288 ]
[1712729534] n_past = 602
[1712729534] last: [ '!':0, '!':0, '!':0, '!':0, '!':0, '!':0, '!':0, '!':0, '!':0, '!':0, '!':0, '!':0, '!':0, '!':0, '!':0, '!':0, '!':0, '!':0, '!':0, '!':0, '!':0, '!':0, '!':0, '!':0, '!':0, '!':0, '!':0, '!':0, '':151643, '':26940, '':99599, '':105102, '':73218, '2':17, '0':15, '1':16, '8':23, '':7948, '':99304, '':108054, '':100370, '':25067, '':103988, '':3837, '':17714, '':100403, '':109920, '':111925, '':26288, '':100150, '':3837, '':73218, '':104536, '':100727, '':103927, '':101290, '':33108, '':100675, '':103241, '':99213, '':3837, '':99666, '':106288, '':100727 ]
[1712729534] n_remain: 14
[1712729534] eval: [ '':100727 ]
[1712729534] n_past = 603
[1712729534] last: [ '!':0, '!':0, '!':0, '!':0, '!':0, '!':0, '!':0, '!':0, '!':0, '!':0, '!':0, '!':0, '!':0, '!':0, '!':0, '!':0, '!':0, '!':0, '!':0, '!':0, '!':0, '!':0, '!':0, '!':0, '!':0, '!':0, '!':0, '':151643, '':26940, '':99599, '':105102, '':73218, '2':17, '0':15, '1':16, '8':23, '':7948, '':99304, '':108054, '':100370, '':25067, '':103988, '':3837, '':17714, '':100403, '':109920, '':111925, '':26288, '':100150, '':3837, '':73218, '':104536, '':100727, '':103927, '':101290, '':33108, '':100675, '':103241, '':99213, '':3837, '':99666, '':106288, '':100727, '':103927 ]
[1712729534] n_remain: 13
[1712729534] eval: [ '':103927 ]
[1712729534] n_past = 604
[1712729534] last: [ '!':0, '!':0, '!':0, '!':0, '!':0, '!':0, '!':0, '!':0, '!':0, '!':0, '!':0, '!':0, '!':0, '!':0, '!':0, '!':0, '!':0, '!':0, '!':0, '!':0, '!':0, '!':0, '!':0, '!':0, '!':0, '!':0, '':151643, '':26940, '':99599, '':105102, '':73218, '2':17, '0':15, '1':16, '8':23, '':7948, '':99304, '':108054, '':100370, '':25067, '':103988, '':3837, '':17714, '':100403, '':109920, '':111925, '':26288, '':100150, '':3837, '':73218, '':104536, '':100727, '':103927, '':101290, '':33108, '':100675, '':103241, '':99213, '':3837, '':99666, '':106288, '':100727, '':103927, '':100150 ]
[1712729534] n_remain: 12
[1712729534] eval: [ '':100150 ]
[1712729534] n_past = 605
[1712729534] last: [ '!':0, '!':0, '!':0, '!':0, '!':0, '!':0, '!':0, '!':0, '!':0, '!':0, '!':0, '!':0, '!':0, '!':0, '!':0, '!':0, '!':0, '!':0, '!':0, '!':0, '!':0, '!':0, '!':0, '!':0, '!':0, '':151643, '':26940, '':99599, '':105102, '':73218, '2':17, '0':15, '1':16, '8':23, '':7948, '':99304, '':108054, '':100370, '':25067, '':103988, '':3837, '':17714, '':100403, '':109920, '':111925, '':26288, '':100150, '':3837, '':73218, '':104536, '':100727, '':103927, '':101290, '':33108, '':100675, '':103241, '':99213, '':3837, '':99666, '':106288, '':100727, '':103927, '':100150, '':3837 ]
[1712729534] n_remain: 11
[1712729534] eval: [ '':3837 ]
[1712729534] n_past = 606
[1712729534] last: [ '!':0, '!':0, '!':0, '!':0, '!':0, '!':0, '!':0, '!':0, '!':0, '!':0, '!':0, '!':0, '!':0, '!':0, '!':0, '!':0, '!':0, '!':0, '!':0, '!':0, '!':0, '!':0, '!':0, '!':0, '':151643, '':26940, '':99599, '':105102, '':73218, '2':17, '0':15, '1':16, '8':23, '':7948, '':99304, '':108054, '':100370, '':25067, '':103988, '':3837, '':17714, '':100403, '':109920, '':111925, '':26288, '':100150, '':3837, '':73218, '':104536, '':100727, '':103927, '':101290, '':33108, '':100675, '':103241, '':99213, '':3837, '':99666, '':106288, '':100727, '':103927, '':100150, '':3837, '':101341 ]
[1712729534] n_remain: 10
[1712729534] eval: [ '':101341 ]
[1712729534] n_past = 607
[1712729534] last: [ '!':0, '!':0, '!':0, '!':0, '!':0, '!':0, '!':0, '!':0, '!':0, '!':0, '!':0, '!':0, '!':0, '!':0, '!':0, '!':0, '!':0, '!':0, '!':0, '!':0, '!':0, '!':0, '!':0, '':151643, '':26940, '':99599, '':105102, '':73218, '2':17, '0':15, '1':16, '8':23, '':7948, '':99304, '':108054, '':100370, '':25067, '':103988, '':3837, '':17714, '':100403, '':109920, '':111925, '':26288, '':100150, '':3837, '':73218, '':104536, '':100727, '':103927, '':101290, '':33108, '':100675, '':103241, '':99213, '':3837, '':99666, '':106288, '':100727, '':103927, '':100150, '':3837, '':101341, '':99664 ]
[1712729534] n_remain: 9
[1712729534] eval: [ '':99664 ]
[1712729534] n_past = 608
[1712729534] last: [ '!':0, '!':0, '!':0, '!':0, '!':0, '!':0, '!':0, '!':0, '!':0, '!':0, '!':0, '!':0, '!':0, '!':0, '!':0, '!':0, '!':0, '!':0, '!':0, '!':0, '!':0, '!':0, '':151643, '':26940, '':99599, '':105102, '':73218, '2':17, '0':15, '1':16, '8':23, '':7948, '':99304, '':108054, '':100370, '':25067, '':103988, '':3837, '':17714, '':100403, '':109920, '':111925, '':26288, '':100150, '':3837, '':73218, '':104536, '':100727, '':103927, '':101290, '':33108, '':100675, '':103241, '':99213, '':3837, '':99666, '':106288, '':100727, '':103927, '':100150, '':3837, '':101341, '':99664, '':100727 ]
[1712729534] n_remain: 8
[1712729534] eval: [ '':100727 ]
[1712729534] n_past = 609
[1712729534] last: [ '!':0, '!':0, '!':0, '!':0, '!':0, '!':0, '!':0, '!':0, '!':0, '!':0, '!':0, '!':0, '!':0, '!':0, '!':0, '!':0, '!':0, '!':0, '!':0, '!':0, '!':0, '':151643, '':26940, '':99599, '':105102, '':73218, '2':17, '0':15, '1':16, '8':23, '':7948, '':99304, '':108054, '':100370, '':25067, '':103988, '':3837, '':17714, '':100403, '':109920, '':111925, '':26288, '':100150, '':3837, '':73218, '':104536, '':100727, '':103927, '':101290, '':33108, '':100675, '':103241, '':99213, '':3837, '':99666, '':106288, '':100727, '':103927, '':100150, '':3837, '':101341, '':99664, '':100727, '':103927 ]
[1712729534] n_remain: 7
[1712729534] eval: [ '':103927 ]
[1712729534] n_past = 610
[1712729534] last: [ '!':0, '!':0, '!':0, '!':0, '!':0, '!':0, '!':0, '!':0, '!':0, '!':0, '!':0, '!':0, '!':0, '!':0, '!':0, '!':0, '!':0, '!':0, '!':0, '!':0, '':151643, '':26940, '':99599, '':105102, '':73218, '2':17, '0':15, '1':16, '8':23, '':7948, '':99304, '':108054, '':100370, '':25067, '':103988, '':3837, '':17714, '':100403, '':109920, '':111925, '':26288, '':100150, '':3837, '':73218, '':104536, '':100727, '':103927, '':101290, '':33108, '':100675, '':103241, '':99213, '':3837, '':99666, '':106288, '':100727, '':103927, '':100150, '':3837, '':101341, '':99664, '':100727, '':103927, '':99403 ]
[1712729534] n_remain: 6
[1712729534] eval: [ '':99403 ]
[1712729534] n_past = 611
[1712729534] last: [ '!':0, '!':0, '!':0, '!':0, '!':0, '!':0, '!':0, '!':0, '!':0, '!':0, '!':0, '!':0, '!':0, '!':0, '!':0, '!':0, '!':0, '!':0, '!':0, '':151643, '':26940, '':99599, '':105102, '':73218, '2':17, '0':15, '1':16, '8':23, '':7948, '':99304, '':108054, '':100370, '':25067, '':103988, '':3837, '':17714, '':100403, '':109920, '':111925, '':26288, '':100150, '':3837, '':73218, '':104536, '':100727, '':103927, '':101290, '':33108, '':100675, '':103241, '':99213, '':3837, '':99666, '':106288, '':100727, '':103927, '':100150, '':3837, '':101341, '':99664, '':100727, '':103927, '':99403, '':3837 ]
[1712729534] n_remain: 5
[1712729534] eval: [ '':3837 ]
[1712729534] n_past = 612
[1712729534] last: [ '!':0, '!':0, '!':0, '!':0, '!':0, '!':0, '!':0, '!':0, '!':0, '!':0, '!':0, '!':0, '!':0, '!':0, '!':0, '!':0, '!':0, '!':0, '':151643, '':26940, '':99599, '':105102, '':73218, '2':17, '0':15, '1':16, '8':23, '':7948, '':99304, '':108054, '':100370, '':25067, '':103988, '':3837, '':17714, '':100403, '':109920, '':111925, '':26288, '':100150, '':3837, '':73218, '':104536, '':100727, '':103927, '':101290, '':33108, '':100675, '':103241, '':99213, '':3837, '':99666, '':106288, '':100727, '':103927, '':100150, '':3837, '':101341, '':99664, '':100727, '':103927, '':99403, '':3837, '':100011 ]
[1712729534] n_remain: 4
[1712729534] eval: [ '':100011 ]
[1712729534] n_past = 613
[1712729534] last: [ '!':0, '!':0, '!':0, '!':0, '!':0, '!':0, '!':0, '!':0, '!':0, '!':0, '!':0, '!':0, '!':0, '!':0, '!':0, '!':0, '!':0, '':151643, '':26940, '':99599, '':105102, '':73218, '2':17, '0':15, '1':16, '8':23, '':7948, '':99304, '':108054, '':100370, '':25067, '':103988, '':3837, '':17714, '':100403, '':109920, '':111925, '':26288, '':100150, '':3837, '':73218, '':104536, '':100727, '':103927, '':101290, '':33108, '':100675, '':103241, '':99213, '':3837, '':99666, '':106288, '':100727, '':103927, '':100150, '':3837, '':101341, '':99664, '':100727, '':103927, '':99403, '':3837, '':100011, '':60548 ]
[1712729534] n_remain: 3
[1712729534] eval: [ '':60548 ]
[1712729534] n_past = 614
[1712729534] last: [ '!':0, '!':0, '!':0, '!':0, '!':0, '!':0, '!':0, '!':0, '!':0, '!':0, '!':0, '!':0, '!':0, '!':0, '!':0, '!':0, '':151643, '':26940, '':99599, '':105102, '':73218, '2':17, '0':15, '1':16, '8':23, '':7948, '':99304, '':108054, '':100370, '':25067, '':103988, '':3837, '':17714, '':100403, '':109920, '':111925, '':26288, '':100150, '':3837, '':73218, '':104536, '':100727, '':103927, '':101290, '':33108, '':100675, '':103241, '':99213, '':3837, '':99666, '':106288, '':100727, '':103927, '':100150, '':3837, '':101341, '':99664, '':100727, '':103927, '':99403, '':3837, '':100011, '':60548, '':2073 ]
[1712729534] n_remain: 2
[1712729534] eval: [ '':2073 ]
[1712729534] n_past = 615
[1712729534] last: [ '!':0, '!':0, '!':0, '!':0, '!':0, '!':0, '!':0, '!':0, '!':0, '!':0, '!':0, '!':0, '!':0, '!':0, '!':0, '':151643, '':26940, '':99599, '':105102, '':73218, '2':17, '0':15, '1':16, '8':23, '':7948, '':99304, '':108054, '':100370, '':25067, '':103988, '':3837, '':17714, '':100403, '':109920, '':111925, '':26288, '':100150, '':3837, '':73218, '':104536, '':100727, '':103927, '':101290, '':33108, '':100675, '':103241, '':99213, '':3837, '':99666, '':106288, '':100727, '':103927, '':100150, '':3837, '':101341, '':99664, '':100727, '':103927, '':99403, '':3837, '':100011, '':60548, '':2073, '':14777 ]
[1712729534] n_remain: 1
[1712729534] eval: [ '':14777 ]
[1712729534] n_past = 616
[1712729534] last: [ '!':0, '!':0, '!':0, '!':0, '!':0, '!':0, '!':0, '!':0, '!':0, '!':0, '!':0, '!':0, '!':0, '!':0, '':151643, '':26940, '':99599, '':105102, '':73218, '2':17, '0':15, '1':16, '8':23, '':7948, '':99304, '':108054, '':100370, '':25067, '':103988, '':3837, '':17714, '':100403, '':109920, '':111925, '':26288, '':100150, '':3837, '':73218, '':104536, '':100727, '':103927, '':101290, '':33108, '':100675, '':103241, '':99213, '':3837, '':99666, '':106288, '':100727, '':103927, '':100150, '':3837, '':101341, '':99664, '':100727, '':103927, '':99403, '':3837, '':100011, '':60548, '':2073, '':14777, '':44991 ]
[1712729534] n_remain: 0
[1712729534] eval: [ '':44991 ]
[1712729534] n_past = 617
[1712729534] embd_inp.size(): 567, n_consumed: 567
[1712729534] waiting for user input
[1712729535] empty line, passing control back
[1712729535] last: [ '!':0, '!':0, '!':0, '!':0, '!':0, '!':0, '!':0, '!':0, '!':0, '!':0, '!':0, '!':0, '!':0, '!':0, '!':0, '!':0, '!':0, '!':0, '!':0, '!':0, '!':0, '!':0, '!':0, '!':0, '!':0, '!':0, '!':0, '!':0, '!':0, '!':0, '!':0, '!':0, '!':0, '!':0, '!':0, '!':0, '!':0, '!':0, '!':0, '!':0, '!':0, '!':0, '!':0, '!':0, '!':0, '!':0, '!':0, '!':0, '!':0, '!':0, '!':0, '!':0, '!':0, '!':0, '!':0, '!':0, '!':0, '!':0, '!':0, '!':0, '!':0, '!':0, '!':0, '':75108 ]
[1712729535] n_remain: 49
[1712729535] eval: [ '':75108 ]
[1712729535] n_past = 618
[1712729535] last: [ '!':0, '!':0, '!':0, '!':0, '!':0, '!':0, '!':0, '!':0, '!':0, '!':0, '!':0, '!':0, '!':0, '!':0, '!':0, '!':0, '!':0, '!':0, '!':0, '!':0, '!':0, '!':0, '!':0, '!':0, '!':0, '!':0, '!':0, '!':0, '!':0, '!':0, '!':0, '!':0, '!':0, '!':0, '!':0, '!':0, '!':0, '!':0, '!':0, '!':0, '!':0, '!':0, '!':0, '!':0, '!':0, '!':0, '!':0, '!':0, '!':0, '!':0, '!':0, '!':0, '!':0, '!':0, '!':0, '!':0, '!':0, '!':0, '!':0, '!':0, '!':0, '!':0, '':75108, '':854 ]
[1712729535] n_remain: 48
[1712729535] eval: [ '':854 ]
[1712729535] n_past = 619
[1712729535] last: [ '!':0, '!':0, '!':0, '!':0, '!':0, '!':0, '!':0, '!':0, '!':0, '!':0, '!':0, '!':0, '!':0, '!':0, '!':0, '!':0, '!':0, '!':0, '!':0, '!':0, '!':0, '!':0, '!':0, '!':0, '!':0, '!':0, '!':0, '!':0, '!':0, '!':0, '!':0, '!':0, '!':0, '!':0, '!':0, '!':0, '!':0, '!':0, '!':0, '!':0, '!':0, '!':0, '!':0, '!':0, '!':0, '!':0, '!':0, '!':0, '!':0, '!':0, '!':0, '!':0, '!':0, '!':0, '!':0, '!':0, '!':0, '!':0, '!':0, '!':0, '!':0, '':75108, '':854, '':100033 ]
[1712729535] n_remain: 47
[1712729535] eval: [ '':100033 ]
[1712729535] n_past = 620
[1712729535] last: [ '!':0, '!':0, '!':0, '!':0, '!':0, '!':0, '!':0, '!':0, '!':0, '!':0, '!':0, '!':0, '!':0, '!':0, '!':0, '!':0, '!':0, '!':0, '!':0, '!':0, '!':0, '!':0, '!':0, '!':0, '!':0, '!':0, '!':0, '!':0, '!':0, '!':0, '!':0, '!':0, '!':0, '!':0, '!':0, '!':0, '!':0, '!':0, '!':0, '!':0, '!':0, '!':0, '!':0, '!':0, '!':0, '!':0, '!':0, '!':0, '!':0, '!':0, '!':0, '!':0, '!':0, '!':0, '!':0, '!':0, '!':0, '!':0, '!':0, '!':0, '':75108, '':854, '':100033, '':115487 ]
[1712729535] n_remain: 46
[1712729535] eval: [ '':115487 ]
[1712729535] n_past = 621
[1712729535] last: [ '!':0, '!':0, '!':0, '!':0, '!':0, '!':0, '!':0, '!':0, '!':0, '!':0, '!':0, '!':0, '!':0, '!':0, '!':0, '!':0, '!':0, '!':0, '!':0, '!':0, '!':0, '!':0, '!':0, '!':0, '!':0, '!':0, '!':0, '!':0, '!':0, '!':0, '!':0, '!':0, '!':0, '!':0, '!':0, '!':0, '!':0, '!':0, '!':0, '!':0, '!':0, '!':0, '!':0, '!':0, '!':0, '!':0, '!':0, '!':0, '!':0, '!':0, '!':0, '!':0, '!':0, '!':0, '!':0, '!':0, '!':0, '!':0, '!':0, '':75108, '':854, '':100033, '':115487, '':3837 ]
[1712729535] n_remain: 45
[1712729535] eval: [ '':3837 ]
[1712729535] n_past = 622
[1712729535] last: [ '!':0, '!':0, '!':0, '!':0, '!':0, '!':0, '!':0, '!':0, '!':0, '!':0, '!':0, '!':0, '!':0, '!':0, '!':0, '!':0, '!':0, '!':0, '!':0, '!':0, '!':0, '!':0, '!':0, '!':0, '!':0, '!':0, '!':0, '!':0, '!':0, '!':0, '!':0, '!':0, '!':0, '!':0, '!':0, '!':0, '!':0, '!':0, '!':0, '!':0, '!':0, '!':0, '!':0, '!':0, '!':0, '!':0, '!':0, '!':0, '!':0, '!':0, '!':0, '!':0, '!':0, '!':0, '!':0, '!':0, '!':0, '!':0, '':75108, '':854, '':100033, '':115487, '':3837, '':104415 ]
[1712729535] n_remain: 44
[1712729535] eval: [ '':104415 ]
[1712729535] n_past = 623
[1712729535] last: [ '!':0, '!':0, '!':0, '!':0, '!':0, '!':0, '!':0, '!':0, '!':0, '!':0, '!':0, '!':0, '!':0, '!':0, '!':0, '!':0, '!':0, '!':0, '!':0, '!':0, '!':0, '!':0, '!':0, '!':0, '!':0, '!':0, '!':0, '!':0, '!':0, '!':0, '!':0, '!':0, '!':0, '!':0, '!':0, '!':0, '!':0, '!':0, '!':0, '!':0, '!':0, '!':0, '!':0, '!':0, '!':0, '!':0, '!':0, '!':0, '!':0, '!':0, '!':0, '!':0, '!':0, '!':0, '!':0, '!':0, '!':0, '':75108, '':854, '':100033, '':115487, '':3837, '':104415, '':2073 ]
[1712729535] n_remain: 43
[1712729535] eval: [ '':2073 ]
[1712729535] n_past = 624
[1712729535] last: [ '!':0, '!':0, '!':0, '!':0, '!':0, '!':0, '!':0, '!':0, '!':0, '!':0, '!':0, '!':0, '!':0, '!':0, '!':0, '!':0, '!':0, '!':0, '!':0, '!':0, '!':0, '!':0, '!':0, '!':0, '!':0, '!':0, '!':0, '!':0, '!':0, '!':0, '!':0, '!':0, '!':0, '!':0, '!':0, '!':0, '!':0, '!':0, '!':0, '!':0, '!':0, '!':0, '!':0, '!':0, '!':0, '!':0, '!':0, '!':0, '!':0, '!':0, '!':0, '!':0, '!':0, '!':0, '!':0, '!':0, '':75108, '':854, '':100033, '':115487, '':3837, '':104415, '':2073, '':44991 ]
[1712729535] n_remain: 42
[1712729535] eval: [ '':44991 ]
[1712729535] n_past = 625
[1712729535] last: [ '!':0, '!':0, '!':0, '!':0, '!':0, '!':0, '!':0, '!':0, '!':0, '!':0, '!':0, '!':0, '!':0, '!':0, '!':0, '!':0, '!':0, '!':0, '!':0, '!':0, '!':0, '!':0, '!':0, '!':0, '!':0, '!':0, '!':0, '!':0, '!':0, '!':0, '!':0, '!':0, '!':0, '!':0, '!':0, '!':0, '!':0, '!':0, '!':0, '!':0, '!':0, '!':0, '!':0, '!':0, '!':0, '!':0, '!':0, '!':0, '!':0, '!':0, '!':0, '!':0, '!':0, '!':0, '!':0, '':75108, '':854, '':100033, '':115487, '':3837, '':104415, '':2073, '':44991, '':64682 ]
[1712729535] n_remain: 41
[1712729535] eval: [ '':64682 ]
[1712729535] n_past = 626
[1712729535] last: [ '!':0, '!':0, '!':0, '!':0, '!':0, '!':0, '!':0, '!':0, '!':0, '!':0, '!':0, '!':0, '!':0, '!':0, '!':0, '!':0, '!':0, '!':0, '!':0, '!':0, '!':0, '!':0, '!':0, '!':0, '!':0, '!':0, '!':0, '!':0, '!':0, '!':0, '!':0, '!':0, '!':0, '!':0, '!':0, '!':0, '!':0, '!':0, '!':0, '!':0, '!':0, '!':0, '!':0, '!':0, '!':0, '!':0, '!':0, '!':0, '!':0, '!':0, '!':0, '!':0, '!':0, '!':0, '':75108, '':854, '':100033, '':115487, '':3837, '':104415, '':2073, '':44991, '':64682, '':99314 ]
[1712729535] n_remain: 40
[1712729535] eval: [ '':99314 ]
[1712729535] n_past = 627
[1712729535] last: [ '!':0, '!':0, '!':0, '!':0, '!':0, '!':0, '!':0, '!':0, '!':0, '!':0, '!':0, '!':0, '!':0, '!':0, '!':0, '!':0, '!':0, '!':0, '!':0, '!':0, '!':0, '!':0, '!':0, '!':0, '!':0, '!':0, '!':0, '!':0, '!':0, '!':0, '!':0, '!':0, '!':0, '!':0, '!':0, '!':0, '!':0, '!':0, '!':0, '!':0, '!':0, '!':0, '!':0, '!':0, '!':0, '!':0, '!':0, '!':0, '!':0, '!':0, '!':0, '!':0, '!':0, '':75108, '':854, '':100033, '':115487, '':3837, '':104415, '':2073, '':44991, '':64682, '':99314, '':854 ]
[1712729535] n_remain: 39
[1712729535] eval: [ '':854 ]
[1712729535] n_past = 628
[1712729535] last: [ '!':0, '!':0, '!':0, '!':0, '!':0, '!':0, '!':0, '!':0, '!':0, '!':0, '!':0, '!':0, '!':0, '!':0, '!':0, '!':0, '!':0, '!':0, '!':0, '!':0, '!':0, '!':0, '!':0, '!':0, '!':0, '!':0, '!':0, '!':0, '!':0, '!':0, '!':0, '!':0, '!':0, '!':0, '!':0, '!':0, '!':0, '!':0, '!':0, '!':0, '!':0, '!':0, '!':0, '!':0, '!':0, '!':0, '!':0, '!':0, '!':0, '!':0, '!':0, '!':0, '':75108, '':854, '':100033, '':115487, '':3837, '':104415, '':2073, '':44991, '':64682, '':99314, '':854, '':100033 ]
[1712729535] n_remain: 38
[1712729535] eval: [ '':100033 ]
[1712729535] n_past = 629
[1712729535] last: [ '!':0, '!':0, '!':0, '!':0, '!':0, '!':0, '!':0, '!':0, '!':0, '!':0, '!':0, '!':0, '!':0, '!':0, '!':0, '!':0, '!':0, '!':0, '!':0, '!':0, '!':0, '!':0, '!':0, '!':0, '!':0, '!':0, '!':0, '!':0, '!':0, '!':0, '!':0, '!':0, '!':0, '!':0, '!':0, '!':0, '!':0, '!':0, '!':0, '!':0, '!':0, '!':0, '!':0, '!':0, '!':0, '!':0, '!':0, '!':0, '!':0, '!':0, '!':0, '':75108, '':854, '':100033, '':115487, '':3837, '':104415, '':2073, '':44991, '':64682, '':99314, '':854, '':100033, '':100160 ]
[1712729535] n_remain: 37
[1712729535] eval: [ '':100160 ]
[1712729535] n_past = 630
[1712729535] last: [ '!':0, '!':0, '!':0, '!':0, '!':0, '!':0, '!':0, '!':0, '!':0, '!':0, '!':0, '!':0, '!':0, '!':0, '!':0, '!':0, '!':0, '!':0, '!':0, '!':0, '!':0, '!':0, '!':0, '!':0, '!':0, '!':0, '!':0, '!':0, '!':0, '!':0, '!':0, '!':0, '!':0, '!':0, '!':0, '!':0, '!':0, '!':0, '!':0, '!':0, '!':0, '!':0, '!':0, '!':0, '!':0, '!':0, '!':0, '!':0, '!':0, '!':0, '':75108, '':854, '':100033, '':115487, '':3837, '':104415, '':2073, '':44991, '':64682, '':99314, '':854, '':100033, '':100160, '':1773 ]
[1712729535] n_remain: 36
[1712729535] eval: [ '':1773 ]
[1712729535] n_past = 631
[1712729535] last: [ '!':0, '!':0, '!':0, '!':0, '!':0, '!':0, '!':0, '!':0, '!':0, '!':0, '!':0, '!':0, '!':0, '!':0, '!':0, '!':0, '!':0, '!':0, '!':0, '!':0, '!':0, '!':0, '!':0, '!':0, '!':0, '!':0, '!':0, '!':0, '!':0, '!':0, '!':0, '!':0, '!':0, '!':0, '!':0, '!':0, '!':0, '!':0, '!':0, '!':0, '!':0, '!':0, '!':0, '!':0, '!':0, '!':0, '!':0, '!':0, '!':0, '':75108, '':854, '':100033, '':115487, '':3837, '':104415, '':2073, '':44991, '':64682, '':99314, '':854, '':100033, '':100160, '':1773, '':109789 ]
[1712729535] n_remain: 35
[1712729535] eval: [ '':109789 ]
[1712729535] n_past = 632
[1712729535] last: [ '!':0, '!':0, '!':0, '!':0, '!':0, '!':0, '!':0, '!':0, '!':0, '!':0, '!':0, '!':0, '!':0, '!':0, '!':0, '!':0, '!':0, '!':0, '!':0, '!':0, '!':0, '!':0, '!':0, '!':0, '!':0, '!':0, '!':0, '!':0, '!':0, '!':0, '!':0, '!':0, '!':0, '!':0, '!':0, '!':0, '!':0, '!':0, '!':0, '!':0, '!':0, '!':0, '!':0, '!':0, '!':0, '!':0, '!':0, '!':0, '':75108, '':854, '':100033, '':115487, '':3837, '':104415, '':2073, '':44991, '':64682, '':99314, '':854, '':100033, '':100160, '':1773, '':109789, '':100353 ]
[1712729535] n_remain: 34
[1712729535] eval: [ '':100353 ]
[1712729535] n_past = 633
[1712729535] last: [ '!':0, '!':0, '!':0, '!':0, '!':0, '!':0, '!':0, '!':0, '!':0, '!':0, '!':0, '!':0, '!':0, '!':0, '!':0, '!':0, '!':0, '!':0, '!':0, '!':0, '!':0, '!':0, '!':0, '!':0, '!':0, '!':0, '!':0, '!':0, '!':0, '!':0, '!':0, '!':0, '!':0, '!':0, '!':0, '!':0, '!':0, '!':0, '!':0, '!':0, '!':0, '!':0, '!':0, '!':0, '!':0, '!':0, '!':0, '':75108, '':854, '':100033, '':115487, '':3837, '':104415, '':2073, '':44991, '':64682, '':99314, '':854, '':100033, '':100160, '':1773, '':109789, '':100353, '':3837 ]
[1712729535] n_remain: 33
[1712729535] eval: [ '':3837 ]
[1712729535] n_past = 634
[1712729535] last: [ '!':0, '!':0, '!':0, '!':0, '!':0, '!':0, '!':0, '!':0, '!':0, '!':0, '!':0, '!':0, '!':0, '!':0, '!':0, '!':0, '!':0, '!':0, '!':0, '!':0, '!':0, '!':0, '!':0, '!':0, '!':0, '!':0, '!':0, '!':0, '!':0, '!':0, '!':0, '!':0, '!':0, '!':0, '!':0, '!':0, '!':0, '!':0, '!':0, '!':0, '!':0, '!':0, '!':0, '!':0, '!':0, '!':0, '':75108, '':854, '':100033, '':115487, '':3837, '':104415, '':2073, '':44991, '':64682, '':99314, '':854, '':100033, '':100160, '':1773, '':109789, '':100353, '':3837, '':73218 ]
[1712729535] n_remain: 32
[1712729535] eval: [ '':73218 ]
[1712729535] n_past = 635
[1712729535] last: [ '!':0, '!':0, '!':0, '!':0, '!':0, '!':0, '!':0, '!':0, '!':0, '!':0, '!':0, '!':0, '!':0, '!':0, '!':0, '!':0, '!':0, '!':0, '!':0, '!':0, '!':0, '!':0, '!':0, '!':0, '!':0, '!':0, '!':0, '!':0, '!':0, '!':0, '!':0, '!':0, '!':0, '!':0, '!':0, '!':0, '!':0, '!':0, '!':0, '!':0, '!':0, '!':0, '!':0, '!':0, '!':0, '':75108, '':854, '':100033, '':115487, '':3837, '':104415, '':2073, '':44991, '':64682, '':99314, '':854, '':100033, '':100160, '':1773, '':109789, '':100353, '':3837, '':73218, '':44063 ]
[1712729535] n_remain: 31
[1712729535] eval: [ '':44063 ]
[1712729535] n_past = 636
[1712729535] last: [ '!':0, '!':0, '!':0, '!':0, '!':0, '!':0, '!':0, '!':0, '!':0, '!':0, '!':0, '!':0, '!':0, '!':0, '!':0, '!':0, '!':0, '!':0, '!':0, '!':0, '!':0, '!':0, '!':0, '!':0, '!':0, '!':0, '!':0, '!':0, '!':0, '!':0, '!':0, '!':0, '!':0, '!':0, '!':0, '!':0, '!':0, '!':0, '!':0, '!':0, '!':0, '!':0, '!':0, '!':0, '':75108, '':854, '':100033, '':115487, '':3837, '':104415, '':2073, '':44991, '':64682, '':99314, '':854, '':100033, '':100160, '':1773, '':109789, '':100353, '':3837, '':73218, '':44063, '':101892 ]
[1712729535] n_remain: 30
[1712729535] eval: [ '':101892 ]
[1712729535] n_past = 637
[1712729535] last: [ '!':0, '!':0, '!':0, '!':0, '!':0, '!':0, '!':0, '!':0, '!':0, '!':0, '!':0, '!':0, '!':0, '!':0, '!':0, '!':0, '!':0, '!':0, '!':0, '!':0, '!':0, '!':0, '!':0, '!':0, '!':0, '!':0, '!':0, '!':0, '!':0, '!':0, '!':0, '!':0, '!':0, '!':0, '!':0, '!':0, '!':0, '!':0, '!':0, '!':0, '!':0, '!':0, '!':0, '':75108, '':854, '':100033, '':115487, '':3837, '':104415, '':2073, '':44991, '':64682, '':99314, '':854, '':100033, '':100160, '':1773, '':109789, '':100353, '':3837, '':73218, '':44063, '':101892, '':106638 ]
[1712729535] n_remain: 29
[1712729535] eval: [ '':106638 ]
[1712729535] n_past = 638
[1712729535] last: [ '!':0, '!':0, '!':0, '!':0, '!':0, '!':0, '!':0, '!':0, '!':0, '!':0, '!':0, '!':0, '!':0, '!':0, '!':0, '!':0, '!':0, '!':0, '!':0, '!':0, '!':0, '!':0, '!':0, '!':0, '!':0, '!':0, '!':0, '!':0, '!':0, '!':0, '!':0, '!':0, '!':0, '!':0, '!':0, '!':0, '!':0, '!':0, '!':0, '!':0, '!':0, '!':0, '':75108, '':854, '':100033, '':115487, '':3837, '':104415, '':2073, '':44991, '':64682, '':99314, '':854, '':100033, '':100160, '':1773, '':109789, '':100353, '':3837, '':73218, '':44063, '':101892, '':106638, '':5373 ]
[1712729535] n_remain: 28
[1712729535] eval: [ '':5373 ]
[1712729535] n_past = 639
[1712729535] last: [ '!':0, '!':0, '!':0, '!':0, '!':0, '!':0, '!':0, '!':0, '!':0, '!':0, '!':0, '!':0, '!':0, '!':0, '!':0, '!':0, '!':0, '!':0, '!':0, '!':0, '!':0, '!':0, '!':0, '!':0, '!':0, '!':0, '!':0, '!':0, '!':0, '!':0, '!':0, '!':0, '!':0, '!':0, '!':0, '!':0, '!':0, '!':0, '!':0, '!':0, '!':0, '':75108, '':854, '':100033, '':115487, '':3837, '':104415, '':2073, '':44991, '':64682, '':99314, '':854, '':100033, '':100160, '':1773, '':109789, '':100353, '':3837, '':73218, '':44063, '':101892, '':106638, '':5373, '':104439 ]
[1712729535] n_remain: 27
[1712729535] eval: [ '':104439 ]
[1712729535] n_past = 640
[1712729535] last: [ '!':0, '!':0, '!':0, '!':0, '!':0, '!':0, '!':0, '!':0, '!':0, '!':0, '!':0, '!':0, '!':0, '!':0, '!':0, '!':0, '!':0, '!':0, '!':0, '!':0, '!':0, '!':0, '!':0, '!':0, '!':0, '!':0, '!':0, '!':0, '!':0, '!':0, '!':0, '!':0, '!':0, '!':0, '!':0, '!':0, '!':0, '!':0, '!':0, '!':0, '':75108, '':854, '':100033, '':115487, '':3837, '':104415, '':2073, '':44991, '':64682, '':99314, '':854, '':100033, '':100160, '':1773, '':109789, '':100353, '':3837, '':73218, '':44063, '':101892, '':106638, '':5373, '':104439, '':9370 ]
[1712729535] n_remain: 26
[1712729535] context full, swapping: n_past = 640, n_left = 73, n_ctx = 640, n_keep = 567, n_discard = 36
[1712729535] after swap: n_past = 604, n_past_guidance = 0
[1712729535] embd: [ '':9370 ]
[1712729535] clear session path
[1712729535] eval: [ '':9370 ]
[1712729535] n_past = 605
[1712729535] last: [ '!':0, '!':0, '!':0, '!':0, '!':0, '!':0, '!':0, '!':0, '!':0, '!':0, '!':0, '!':0, '!':0, '!':0, '!':0, '!':0, '!':0, '!':0, '!':0, '!':0, '!':0, '!':0, '!':0, '!':0, '!':0, '!':0, '!':0, '!':0, '!':0, '!':0, '!':0, '!':0, '!':0, '!':0, '!':0, '!':0, '!':0, '!':0, '!':0, '':75108, '':854, '':100033, '':115487, '':3837, '':104415, '':2073, '':44991, '':64682, '':99314, '':854, '':100033, '':100160, '':1773, '':109789, '':100353, '':3837, '':73218, '':44063, '':101892, '':106638, '':5373, '':104439, '':9370, '':102121 ]
[1712729535] n_remain: 25
[1712729535] eval: [ '':102121 ]
[1712729535] n_past = 606
[1712729535] last: [ '!':0, '!':0, '!':0, '!':0, '!':0, '!':0, '!':0, '!':0, '!':0, '!':0, '!':0, '!':0, '!':0, '!':0, '!':0, '!':0, '!':0, '!':0, '!':0, '!':0, '!':0, '!':0, '!':0, '!':0, '!':0, '!':0, '!':0, '!':0, '!':0, '!':0, '!':0, '!':0, '!':0, '!':0, '!':0, '!':0, '!':0, '!':0, '':75108, '':854, '':100033, '':115487, '':3837, '':104415, '':2073, '':44991, '':64682, '':99314, '':854, '':100033, '':100160, '':1773, '':109789, '':100353, '':3837, '':73218, '':44063, '':101892, '':106638, '':5373, '':104439, '':9370, '':102121, '':3837 ]
[1712729535] n_remain: 24
[1712729535] eval: [ '':3837 ]
[1712729535] n_past = 607
[1712729535] last: [ '!':0, '!':0, '!':0, '!':0, '!':0, '!':0, '!':0, '!':0, '!':0, '!':0, '!':0, '!':0, '!':0, '!':0, '!':0, '!':0, '!':0, '!':0, '!':0, '!':0, '!':0, '!':0, '!':0, '!':0, '!':0, '!':0, '!':0, '!':0, '!':0, '!':0, '!':0, '!':0, '!':0, '!':0, '!':0, '!':0, '!':0, '':75108, '':854, '':100033, '':115487, '':3837, '':104415, '':2073, '':44991, '':64682, '':99314, '':854, '':100033, '':100160, '':1773, '':109789, '':100353, '':3837, '':73218, '':44063, '':101892, '':106638, '':5373, '':104439, '':9370, '':102121, '':3837, '':23031 ]
[1712729535] n_remain: 23
[1712729535] eval: [ '':23031 ]
[1712729535] n_past = 608
[1712729535] last: [ '!':0, '!':0, '!':0, '!':0, '!':0, '!':0, '!':0, '!':0, '!':0, '!':0, '!':0, '!':0, '!':0, '!':0, '!':0, '!':0, '!':0, '!':0, '!':0, '!':0, '!':0, '!':0, '!':0, '!':0, '!':0, '!':0, '!':0, '!':0, '!':0, '!':0, '!':0, '!':0, '!':0, '!':0, '!':0, '!':0, '':75108, '':854, '':100033, '':115487, '':3837, '':104415, '':2073, '':44991, '':64682, '':99314, '':854, '':100033, '':100160, '':1773, '':109789, '':100353, '':3837, '':73218, '':44063, '':101892, '':106638, '':5373, '':104439, '':9370, '':102121, '':3837, '':23031, '':2073 ]
[1712729535] n_remain: 22
[1712729535] eval: [ '':2073 ]
[1712729535] n_past = 609
[1712729535] last: [ '!':0, '!':0, '!':0, '!':0, '!':0, '!':0, '!':0, '!':0, '!':0, '!':0, '!':0, '!':0, '!':0, '!':0, '!':0, '!':0, '!':0, '!':0, '!':0, '!':0, '!':0, '!':0, '!':0, '!':0, '!':0, '!':0, '!':0, '!':0, '!':0, '!':0, '!':0, '!':0, '!':0, '!':0, '!':0, '':75108, '':854, '':100033, '':115487, '':3837, '':104415, '':2073, '':44991, '':64682, '':99314, '':854, '':100033, '':100160, '':1773, '':109789, '':100353, '':3837, '':73218, '':44063, '':101892, '':106638, '':5373, '':104439, '':9370, '':102121, '':3837, '':23031, '':2073, '':108786 ]
[1712729535] n_remain: 21
[1712729535] eval: [ '':108786 ]
[1712729535] n_past = 610
[1712729535] last: [ '!':0, '!':0, '!':0, '!':0, '!':0, '!':0, '!':0, '!':0, '!':0, '!':0, '!':0, '!':0, '!':0, '!':0, '!':0, '!':0, '!':0, '!':0, '!':0, '!':0, '!':0, '!':0, '!':0, '!':0, '!':0, '!':0, '!':0, '!':0, '!':0, '!':0, '!':0, '!':0, '!':0, '!':0, '':75108, '':854, '':100033, '':115487, '':3837, '':104415, '':2073, '':44991, '':64682, '':99314, '':854, '':100033, '':100160, '':1773, '':109789, '':100353, '':3837, '':73218, '':44063, '':101892, '':106638, '':5373, '':104439, '':9370, '':102121, '':3837, '':23031, '':2073, '':108786, '':854 ]
[1712729535] n_remain: 20
[1712729535] eval: [ '':854 ]
[1712729535] n_past = 611
[1712729535] last: [ '!':0, '!':0, '!':0, '!':0, '!':0, '!':0, '!':0, '!':0, '!':0, '!':0, '!':0, '!':0, '!':0, '!':0, '!':0, '!':0, '!':0, '!':0, '!':0, '!':0, '!':0, '!':0, '!':0, '!':0, '!':0, '!':0, '!':0, '!':0, '!':0, '!':0, '!':0, '!':0, '!':0, '':75108, '':854, '':100033, '':115487, '':3837, '':104415, '':2073, '':44991, '':64682, '':99314, '':854, '':100033, '':100160, '':1773, '':109789, '':100353, '':3837, '':73218, '':44063, '':101892, '':106638, '':5373, '':104439, '':9370, '':102121, '':3837, '':23031, '':2073, '':108786, '':854, '':100367 ]
[1712729535] n_remain: 19
[1712729535] eval: [ '':100367 ]
[1712729535] n_past = 612
[1712729535] last: [ '!':0, '!':0, '!':0, '!':0, '!':0, '!':0, '!':0, '!':0, '!':0, '!':0, '!':0, '!':0, '!':0, '!':0, '!':0, '!':0, '!':0, '!':0, '!':0, '!':0, '!':0, '!':0, '!':0, '!':0, '!':0, '!':0, '!':0, '!':0, '!':0, '!':0, '!':0, '!':0, '':75108, '':854, '':100033, '':115487, '':3837, '':104415, '':2073, '':44991, '':64682, '':99314, '':854, '':100033, '':100160, '':1773, '':109789, '':100353, '':3837, '':73218, '':44063, '':101892, '':106638, '':5373, '':104439, '':9370, '':102121, '':3837, '':23031, '':2073, '':108786, '':854, '':100367, '':17714 ]
[1712729535] n_remain: 18
[1712729535] eval: [ '':17714 ]
[1712729535] n_past = 613
[1712729535] last: [ '!':0, '!':0, '!':0, '!':0, '!':0, '!':0, '!':0, '!':0, '!':0, '!':0, '!':0, '!':0, '!':0, '!':0, '!':0, '!':0, '!':0, '!':0, '!':0, '!':0, '!':0, '!':0, '!':0, '!':0, '!':0, '!':0, '!':0, '!':0, '!':0, '!':0, '!':0, '':75108, '':854, '':100033, '':115487, '':3837, '':104415, '':2073, '':44991, '':64682, '':99314, '':854, '':100033, '':100160, '':1773, '':109789, '':100353, '':3837, '':73218, '':44063, '':101892, '':106638, '':5373, '':104439, '':9370, '':102121, '':3837, '':23031, '':2073, '':108786, '':854, '':100367, '':17714, '':106989 ]
[1712729535] n_remain: 17
[1712729535] eval: [ '':106989 ]
[1712729535] n_past = 614
[1712729535] last: [ '!':0, '!':0, '!':0, '!':0, '!':0, '!':0, '!':0, '!':0, '!':0, '!':0, '!':0, '!':0, '!':0, '!':0, '!':0, '!':0, '!':0, '!':0, '!':0, '!':0, '!':0, '!':0, '!':0, '!':0, '!':0, '!':0, '!':0, '!':0, '!':0, '!':0, '':75108, '':854, '':100033, '':115487, '':3837, '':104415, '':2073, '':44991, '':64682, '':99314, '':854, '':100033, '':100160, '':1773, '':109789, '':100353, '':3837, '':73218, '':44063, '':101892, '':106638, '':5373, '':104439, '':9370, '':102121, '':3837, '':23031, '':2073, '':108786, '':854, '':100367, '':17714, '':106989, '':3837 ]
[1712729535] n_remain: 16
[1712729535] eval: [ '':3837 ]
[1712729535] n_past = 615
[1712729535] last: [ '!':0, '!':0, '!':0, '!':0, '!':0, '!':0, '!':0, '!':0, '!':0, '!':0, '!':0, '!':0, '!':0, '!':0, '!':0, '!':0, '!':0, '!':0, '!':0, '!':0, '!':0, '!':0, '!':0, '!':0, '!':0, '!':0, '!':0, '!':0, '!':0, '':75108, '':854, '':100033, '':115487, '':3837, '':104415, '':2073, '':44991, '':64682, '':99314, '':854, '':100033, '':100160, '':1773, '':109789, '':100353, '':3837, '':73218, '':44063, '':101892, '':106638, '':5373, '':104439, '':9370, '':102121, '':3837, '':23031, '':2073, '':108786, '':854, '':100367, '':17714, '':106989, '':3837, '':101341 ]
[1712729535] n_remain: 15
[1712729535] eval: [ '':101341 ]
[1712729535] n_past = 616
[1712729535] last: [ '!':0, '!':0, '!':0, '!':0, '!':0, '!':0, '!':0, '!':0, '!':0, '!':0, '!':0, '!':0, '!':0, '!':0, '!':0, '!':0, '!':0, '!':0, '!':0, '!':0, '!':0, '!':0, '!':0, '!':0, '!':0, '!':0, '!':0, '!':0, '':75108, '':854, '':100033, '':115487, '':3837, '':104415, '':2073, '':44991, '':64682, '':99314, '':854, '':100033, '':100160, '':1773, '':109789, '':100353, '':3837, '':73218, '':44063, '':101892, '':106638, '':5373, '':104439, '':9370, '':102121, '':3837, '':23031, '':2073, '':108786, '':854, '':100367, '':17714, '':106989, '':3837, '':101341, '':101890 ]
[1712729535] n_remain: 14
[1712729535] eval: [ '':101890 ]
[1712729535] n_past = 617
[1712729535] last: [ '!':0, '!':0, '!':0, '!':0, '!':0, '!':0, '!':0, '!':0, '!':0, '!':0, '!':0, '!':0, '!':0, '!':0, '!':0, '!':0, '!':0, '!':0, '!':0, '!':0, '!':0, '!':0, '!':0, '!':0, '!':0, '!':0, '!':0, '':75108, '':854, '':100033, '':115487, '':3837, '':104415, '':2073, '':44991, '':64682, '':99314, '':854, '':100033, '':100160, '':1773, '':109789, '':100353, '':3837, '':73218, '':44063, '':101892, '':106638, '':5373, '':104439, '':9370, '':102121, '':3837, '':23031, '':2073, '':108786, '':854, '':100367, '':17714, '':106989, '':3837, '':101341, '':101890, '':100727 ]
[1712729535] n_remain: 13
[1712729535] eval: [ '':100727 ]
[1712729535] n_past = 618
[1712729535] last: [ '!':0, '!':0, '!':0, '!':0, '!':0, '!':0, '!':0, '!':0, '!':0, '!':0, '!':0, '!':0, '!':0, '!':0, '!':0, '!':0, '!':0, '!':0, '!':0, '!':0, '!':0, '!':0, '!':0, '!':0, '!':0, '!':0, '':75108, '':854, '':100033, '':115487, '':3837, '':104415, '':2073, '':44991, '':64682, '':99314, '':854, '':100033, '':100160, '':1773, '':109789, '':100353, '':3837, '':73218, '':44063, '':101892, '':106638, '':5373, '':104439, '':9370, '':102121, '':3837, '':23031, '':2073, '':108786, '':854, '':100367, '':17714, '':106989, '':3837, '':101341, '':101890, '':100727, '':103927 ]
[1712729535] n_remain: 12
[1712729535] eval: [ '':103927 ]
[1712729535] n_past = 619
[1712729535] last: [ '!':0, '!':0, '!':0, '!':0, '!':0, '!':0, '!':0, '!':0, '!':0, '!':0, '!':0, '!':0, '!':0, '!':0, '!':0, '!':0, '!':0, '!':0, '!':0, '!':0, '!':0, '!':0, '!':0, '!':0, '!':0, '':75108, '':854, '':100033, '':115487, '':3837, '':104415, '':2073, '':44991, '':64682, '':99314, '':854, '':100033, '':100160, '':1773, '':109789, '':100353, '':3837, '':73218, '':44063, '':101892, '':106638, '':5373, '':104439, '':9370, '':102121, '':3837, '':23031, '':2073, '':108786, '':854, '':100367, '':17714, '':106989, '':3837, '':101341, '':101890, '':100727, '':103927, '':99403 ]
[1712729535] n_remain: 11
[1712729535] eval: [ '':99403 ]
[1712729535] n_past = 620
[1712729535] last: [ '!':0, '!':0, '!':0, '!':0, '!':0, '!':0, '!':0, '!':0, '!':0, '!':0, '!':0, '!':0, '!':0, '!':0, '!':0, '!':0, '!':0, '!':0, '!':0, '!':0, '!':0, '!':0, '!':0, '!':0, '':75108, '':854, '':100033, '':115487, '':3837, '':104415, '':2073, '':44991, '':64682, '':99314, '':854, '':100033, '':100160, '':1773, '':109789, '':100353, '':3837, '':73218, '':44063, '':101892, '':106638, '':5373, '':104439, '':9370, '':102121, '':3837, '':23031, '':2073, '':108786, '':854, '':100367, '':17714, '':106989, '':3837, '':101341, '':101890, '':100727, '':103927, '':99403, '':3837 ]
[1712729535] n_remain: 10
[1712729535] eval: [ '':3837 ]
[1712729535] n_past = 621
[1712729535] last: [ '!':0, '!':0, '!':0, '!':0, '!':0, '!':0, '!':0, '!':0, '!':0, '!':0, '!':0, '!':0, '!':0, '!':0, '!':0, '!':0, '!':0, '!':0, '!':0, '!':0, '!':0, '!':0, '!':0, '':75108, '':854, '':100033, '':115487, '':3837, '':104415, '':2073, '':44991, '':64682, '':99314, '':854, '':100033, '':100160, '':1773, '':109789, '':100353, '':3837, '':73218, '':44063, '':101892, '':106638, '':5373, '':104439, '':9370, '':102121, '':3837, '':23031, '':2073, '':108786, '':854, '':100367, '':17714, '':106989, '':3837, '':101341, '':101890, '':100727, '':103927, '':99403, '':3837, '':17714 ]
[1712729535] n_remain: 9
[1712729535] eval: [ '':17714 ]
[1712729535] n_past = 622
[1712729535] last: [ '!':0, '!':0, '!':0, '!':0, '!':0, '!':0, '!':0, '!':0, '!':0, '!':0, '!':0, '!':0, '!':0, '!':0, '!':0, '!':0, '!':0, '!':0, '!':0, '!':0, '!':0, '!':0, '':75108, '':854, '':100033, '':115487, '':3837, '':104415, '':2073, '':44991, '':64682, '':99314, '':854, '':100033, '':100160, '':1773, '':109789, '':100353, '':3837, '':73218, '':44063, '':101892, '':106638, '':5373, '':104439, '':9370, '':102121, '':3837, '':23031, '':2073, '':108786, '':854, '':100367, '':17714, '':106989, '':3837, '':101341, '':101890, '':100727, '':103927, '':99403, '':3837, '':17714, '':101884 ]
[1712729535] n_remain: 8
[1712729535] eval: [ '':101884 ]
[1712729535] n_past = 623
[1712729535] last: [ '!':0, '!':0, '!':0, '!':0, '!':0, '!':0, '!':0, '!':0, '!':0, '!':0, '!':0, '!':0, '!':0, '!':0, '!':0, '!':0, '!':0, '!':0, '!':0, '!':0, '!':0, '':75108, '':854, '':100033, '':115487, '':3837, '':104415, '':2073, '':44991, '':64682, '':99314, '':854, '':100033, '':100160, '':1773, '':109789, '':100353, '':3837, '':73218, '':44063, '':101892, '':106638, '':5373, '':104439, '':9370, '':102121, '':3837, '':23031, '':2073, '':108786, '':854, '':100367, '':17714, '':106989, '':3837, '':101341, '':101890, '':100727, '':103927, '':99403, '':3837, '':17714, '':101884, '':100912 ]
[1712729535] n_remain: 7
[1712729535] eval: [ '':100912 ]
[1712729535] n_past = 624
[1712729535] last: [ '!':0, '!':0, '!':0, '!':0, '!':0, '!':0, '!':0, '!':0, '!':0, '!':0, '!':0, '!':0, '!':0, '!':0, '!':0, '!':0, '!':0, '!':0, '!':0, '!':0, '':75108, '':854, '':100033, '':115487, '':3837, '':104415, '':2073, '':44991, '':64682, '':99314, '':854, '':100033, '':100160, '':1773, '':109789, '':100353, '':3837, '':73218, '':44063, '':101892, '':106638, '':5373, '':104439, '':9370, '':102121, '':3837, '':23031, '':2073, '':108786, '':854, '':100367, '':17714, '':106989, '':3837, '':101341, '':101890, '':100727, '':103927, '':99403, '':3837, '':17714, '':101884, '':100912, '':15946 ]
[1712729535] n_remain: 6
[1712729535] eval: [ '':15946 ]
[1712729535] n_past = 625
[1712729535] last: [ '!':0, '!':0, '!':0, '!':0, '!':0, '!':0, '!':0, '!':0, '!':0, '!':0, '!':0, '!':0, '!':0, '!':0, '!':0, '!':0, '!':0, '!':0, '!':0, '':75108, '':854, '':100033, '':115487, '':3837, '':104415, '':2073, '':44991, '':64682, '':99314, '':854, '':100033, '':100160, '':1773, '':109789, '':100353, '':3837, '':73218, '':44063, '':101892, '':106638, '':5373, '':104439, '':9370, '':102121, '':3837, '':23031, '':2073, '':108786, '':854, '':100367, '':17714, '':106989, '':3837, '':101341, '':101890, '':100727, '':103927, '':99403, '':3837, '':17714, '':101884, '':100912, '':15946, '':33108 ]
[1712729535] n_remain: 5
[1712729535] eval: [ '':33108 ]
[1712729535] n_past = 626
[1712729535] last: [ '!':0, '!':0, '!':0, '!':0, '!':0, '!':0, '!':0, '!':0, '!':0, '!':0, '!':0, '!':0, '!':0, '!':0, '!':0, '!':0, '!':0, '!':0, '':75108, '':854, '':100033, '':115487, '':3837, '':104415, '':2073, '':44991, '':64682, '':99314, '':854, '':100033, '':100160, '':1773, '':109789, '':100353, '':3837, '':73218, '':44063, '':101892, '':106638, '':5373, '':104439, '':9370, '':102121, '':3837, '':23031, '':2073, '':108786, '':854, '':100367, '':17714, '':106989, '':3837, '':101341, '':101890, '':100727, '':103927, '':99403, '':3837, '':17714, '':101884, '':100912, '':15946, '':33108, '':100912 ]
[1712729535] n_remain: 4
[1712729535] eval: [ '':100912 ]
[1712729535] n_past = 627
[1712729535] last: [ '!':0, '!':0, '!':0, '!':0, '!':0, '!':0, '!':0, '!':0, '!':0, '!':0, '!':0, '!':0, '!':0, '!':0, '!':0, '!':0, '!':0, '':75108, '':854, '':100033, '':115487, '':3837, '':104415, '':2073, '':44991, '':64682, '':99314, '':854, '':100033, '':100160, '':1773, '':109789, '':100353, '':3837, '':73218, '':44063, '':101892, '':106638, '':5373, '':104439, '':9370, '':102121, '':3837, '':23031, '':2073, '':108786, '':854, '':100367, '':17714, '':106989, '':3837, '':101341, '':101890, '':100727, '':103927, '':99403, '':3837, '':17714, '':101884, '':100912, '':15946, '':33108, '':100912, '':93488 ]
[1712729535] n_remain: 3
[1712729535] eval: [ '':93488 ]
[1712729535] n_past = 628
[1712729535] last: [ '!':0, '!':0, '!':0, '!':0, '!':0, '!':0, '!':0, '!':0, '!':0, '!':0, '!':0, '!':0, '!':0, '!':0, '!':0, '!':0, '':75108, '':854, '':100033, '':115487, '':3837, '':104415, '':2073, '':44991, '':64682, '':99314, '':854, '':100033, '':100160, '':1773, '':109789, '':100353, '':3837, '':73218, '':44063, '':101892, '':106638, '':5373, '':104439, '':9370, '':102121, '':3837, '':23031, '':2073, '':108786, '':854, '':100367, '':17714, '':106989, '':3837, '':101341, '':101890, '':100727, '':103927, '':99403, '':3837, '':17714, '':101884, '':100912, '':15946, '':33108, '':100912, '':93488, '':100035 ]
[1712729535] n_remain: 2
[1712729535] eval: [ '':100035 ]
[1712729535] n_past = 629
[1712729535] last: [ '!':0, '!':0, '!':0, '!':0, '!':0, '!':0, '!':0, '!':0, '!':0, '!':0, '!':0, '!':0, '!':0, '!':0, '!':0, '':75108, '':854, '':100033, '':115487, '':3837, '':104415, '':2073, '':44991, '':64682, '':99314, '':854, '':100033, '':100160, '':1773, '':109789, '':100353, '':3837, '':73218, '':44063, '':101892, '':106638, '':5373, '':104439, '':9370, '':102121, '':3837, '':23031, '':2073, '':108786, '':854, '':100367, '':17714, '':106989, '':3837, '':101341, '':101890, '':100727, '':103927, '':99403, '':3837, '':17714, '':101884, '':100912, '':15946, '':33108, '':100912, '':93488, '':100035, '':100160 ]
[1712729535] n_remain: 1
[1712729535] eval: [ '':100160 ]
[1712729535] n_past = 630
[1712729535] last: [ '!':0, '!':0, '!':0, '!':0, '!':0, '!':0, '!':0, '!':0, '!':0, '!':0, '!':0, '!':0, '!':0, '!':0, '':75108, '':854, '':100033, '':115487, '':3837, '':104415, '':2073, '':44991, '':64682, '':99314, '':854, '':100033, '':100160, '':1773, '':109789, '':100353, '':3837, '':73218, '':44063, '':101892, '':106638, '':5373, '':104439, '':9370, '':102121, '':3837, '':23031, '':2073, '':108786, '':854, '':100367, '':17714, '':106989, '':3837, '':101341, '':101890, '':100727, '':103927, '':99403, '':3837, '':17714, '':101884, '':100912, '':15946, '':33108, '':100912, '':93488, '':100035, '':100160, '':5373 ]
[1712729535] n_remain: 0
[1712729535] eval: [ '':5373 ]
[1712729535] n_past = 631
[1712729535] embd_inp.size(): 567, n_consumed: 567
[1712729535] waiting for user input
[1712729541] empty line, passing control back
[1712729541] last: [ '!':0, '!':0, '!':0, '!':0, '!':0, '!':0, '!':0, '!':0, '!':0, '!':0, '!':0, '!':0, '!':0, '!':0, '!':0, '!':0, '!':0, '!':0, '!':0, '!':0, '!':0, '!':0, '!':0, '!':0, '!':0, '!':0, '!':0, '!':0, '!':0, '!':0, '!':0, '!':0, '!':0, '!':0, '!':0, '!':0, '!':0, '!':0, '!':0, '!':0, '!':0, '!':0, '!':0, '!':0, '!':0, '!':0, '!':0, '!':0, '!':0, '!':0, '!':0, '!':0, '!':0, '!':0, '!':0, '!':0, '!':0, '!':0, '!':0, '!':0, '!':0, '!':0, '!':0, '':99403 ]
[1712729541] n_remain: 49
[1712729541] eval: [ '':99403 ]
[1712729541] n_past = 632
[1712729541] last: [ '!':0, '!':0, '!':0, '!':0, '!':0, '!':0, '!':0, '!':0, '!':0, '!':0, '!':0, '!':0, '!':0, '!':0, '!':0, '!':0, '!':0, '!':0, '!':0, '!':0, '!':0, '!':0, '!':0, '!':0, '!':0, '!':0, '!':0, '!':0, '!':0, '!':0, '!':0, '!':0, '!':0, '!':0, '!':0, '!':0, '!':0, '!':0, '!':0, '!':0, '!':0, '!':0, '!':0, '!':0, '!':0, '!':0, '!':0, '!':0, '!':0, '!':0, '!':0, '!':0, '!':0, '!':0, '!':0, '!':0, '!':0, '!':0, '!':0, '!':0, '!':0, '!':0, '':99403, '':101280 ]
[1712729541] n_remain: 48
[1712729541] eval: [ '':101280 ]
[1712729541] n_past = 633
[1712729541] last: [ '!':0, '!':0, '!':0, '!':0, '!':0, '!':0, '!':0, '!':0, '!':0, '!':0, '!':0, '!':0, '!':0, '!':0, '!':0, '!':0, '!':0, '!':0, '!':0, '!':0, '!':0, '!':0, '!':0, '!':0, '!':0, '!':0, '!':0, '!':0, '!':0, '!':0, '!':0, '!':0, '!':0, '!':0, '!':0, '!':0, '!':0, '!':0, '!':0, '!':0, '!':0, '!':0, '!':0, '!':0, '!':0, '!':0, '!':0, '!':0, '!':0, '!':0, '!':0, '!':0, '!':0, '!':0, '!':0, '!':0, '!':0, '!':0, '!':0, '!':0, '!':0, '':99403, '':101280, '':58695 ]
[1712729541] n_remain: 47
[1712729541] eval: [ '':58695 ]
[1712729541] n_past = 634
[1712729541] last: [ '!':0, '!':0, '!':0, '!':0, '!':0, '!':0, '!':0, '!':0, '!':0, '!':0, '!':0, '!':0, '!':0, '!':0, '!':0, '!':0, '!':0, '!':0, '!':0, '!':0, '!':0, '!':0, '!':0, '!':0, '!':0, '!':0, '!':0, '!':0, '!':0, '!':0, '!':0, '!':0, '!':0, '!':0, '!':0, '!':0, '!':0, '!':0, '!':0, '!':0, '!':0, '!':0, '!':0, '!':0, '!':0, '!':0, '!':0, '!':0, '!':0, '!':0, '!':0, '!':0, '!':0, '!':0, '!':0, '!':0, '!':0, '!':0, '!':0, '!':0, '':99403, '':101280, '':58695, '':118981 ]
[1712729541] n_remain: 46
[1712729541] eval: [ '':118981 ]
[1712729541] n_past = 635
[1712729541] last: [ '!':0, '!':0, '!':0, '!':0, '!':0, '!':0, '!':0, '!':0, '!':0, '!':0, '!':0, '!':0, '!':0, '!':0, '!':0, '!':0, '!':0, '!':0, '!':0, '!':0, '!':0, '!':0, '!':0, '!':0, '!':0, '!':0, '!':0, '!':0, '!':0, '!':0, '!':0, '!':0, '!':0, '!':0, '!':0, '!':0, '!':0, '!':0, '!':0, '!':0, '!':0, '!':0, '!':0, '!':0, '!':0, '!':0, '!':0, '!':0, '!':0, '!':0, '!':0, '!':0, '!':0, '!':0, '!':0, '!':0, '!':0, '!':0, '!':0, '':99403, '':101280, '':58695, '':118981, '':8997 ]
[1712729541] n_remain: 45
[1712729541] eval: [ '':8997 ]
[1712729541] n_past = 636
[1712729541] last: [ '!':0, '!':0, '!':0, '!':0, '!':0, '!':0, '!':0, '!':0, '!':0, '!':0, '!':0, '!':0, '!':0, '!':0, '!':0, '!':0, '!':0, '!':0, '!':0, '!':0, '!':0, '!':0, '!':0, '!':0, '!':0, '!':0, '!':0, '!':0, '!':0, '!':0, '!':0, '!':0, '!':0, '!':0, '!':0, '!':0, '!':0, '!':0, '!':0, '!':0, '!':0, '!':0, '!':0, '!':0, '!':0, '!':0, '!':0, '!':0, '!':0, '!':0, '!':0, '!':0, '!':0, '!':0, '!':0, '!':0, '!':0, '!':0, '':99403, '':101280, '':58695, '':118981, '':8997, '':108218 ]
[1712729541] n_remain: 44
[1712729541] eval: [ '':108218 ]
[1712729541] n_past = 637
[1712729541] last: [ '!':0, '!':0, '!':0, '!':0, '!':0, '!':0, '!':0, '!':0, '!':0, '!':0, '!':0, '!':0, '!':0, '!':0, '!':0, '!':0, '!':0, '!':0, '!':0, '!':0, '!':0, '!':0, '!':0, '!':0, '!':0, '!':0, '!':0, '!':0, '!':0, '!':0, '!':0, '!':0, '!':0, '!':0, '!':0, '!':0, '!':0, '!':0, '!':0, '!':0, '!':0, '!':0, '!':0, '!':0, '!':0, '!':0, '!':0, '!':0, '!':0, '!':0, '!':0, '!':0, '!':0, '!':0, '!':0, '!':0, '!':0, '':99403, '':101280, '':58695, '':118981, '':8997, '':108218, '':5122 ]
[1712729541] n_remain: 43
[1712729541] eval: [ '':5122 ]
[1712729541] n_past = 638
[1712729541] last: [ '!':0, '!':0, '!':0, '!':0, '!':0, '!':0, '!':0, '!':0, '!':0, '!':0, '!':0, '!':0, '!':0, '!':0, '!':0, '!':0, '!':0, '!':0, '!':0, '!':0, '!':0, '!':0, '!':0, '!':0, '!':0, '!':0, '!':0, '!':0, '!':0, '!':0, '!':0, '!':0, '!':0, '!':0, '!':0, '!':0, '!':0, '!':0, '!':0, '!':0, '!':0, '!':0, '!':0, '!':0, '!':0, '!':0, '!':0, '!':0, '!':0, '!':0, '!':0, '!':0, '!':0, '!':0, '!':0, '!':0, '':99403, '':101280, '':58695, '':118981, '':8997, '':108218, '':5122, '':21894 ]
[1712729541] n_remain: 42
[1712729541] eval: [ '':21894 ]
[1712729541] n_past = 639
[1712729541] last: [ '!':0, '!':0, '!':0, '!':0, '!':0, '!':0, '!':0, '!':0, '!':0, '!':0, '!':0, '!':0, '!':0, '!':0, '!':0, '!':0, '!':0, '!':0, '!':0, '!':0, '!':0, '!':0, '!':0, '!':0, '!':0, '!':0, '!':0, '!':0, '!':0, '!':0, '!':0, '!':0, '!':0, '!':0, '!':0, '!':0, '!':0, '!':0, '!':0, '!':0, '!':0, '!':0, '!':0, '!':0, '!':0, '!':0, '!':0, '!':0, '!':0, '!':0, '!':0, '!':0, '!':0, '!':0, '!':0, '':99403, '':101280, '':58695, '':118981, '':8997, '':108218, '':5122, '':21894, '':101166 ]
[1712729541] n_remain: 41
[1712729541] eval: [ '':101166 ]
[1712729541] n_past = 640
[1712729541] last: [ '!':0, '!':0, '!':0, '!':0, '!':0, '!':0, '!':0, '!':0, '!':0, '!':0, '!':0, '!':0, '!':0, '!':0, '!':0, '!':0, '!':0, '!':0, '!':0, '!':0, '!':0, '!':0, '!':0, '!':0, '!':0, '!':0, '!':0, '!':0, '!':0, '!':0, '!':0, '!':0, '!':0, '!':0, '!':0, '!':0, '!':0, '!':0, '!':0, '!':0, '!':0, '!':0, '!':0, '!':0, '!':0, '!':0, '!':0, '!':0, '!':0, '!':0, '!':0, '!':0, '!':0, '!':0, '':99403, '':101280, '':58695, '':118981, '':8997, '':108218, '':5122, '':21894, '':101166, '':101451 ]
[1712729541] n_remain: 40
[1712729541] context full, swapping: n_past = 640, n_left = 73, n_ctx = 640, n_keep = 567, n_discard = 36
[1712729541] after swap: n_past = 604, n_past_guidance = 0
[1712729541] embd: [ '':101451 ]
[1712729541] clear session path
[1712729541] eval: [ '':101451 ]
[1712729541] n_past = 605
[1712729541] last: [ '!':0, '!':0, '!':0, '!':0, '!':0, '!':0, '!':0, '!':0, '!':0, '!':0, '!':0, '!':0, '!':0, '!':0, '!':0, '!':0, '!':0, '!':0, '!':0, '!':0, '!':0, '!':0, '!':0, '!':0, '!':0, '!':0, '!':0, '!':0, '!':0, '!':0, '!':0, '!':0, '!':0, '!':0, '!':0, '!':0, '!':0, '!':0, '!':0, '!':0, '!':0, '!':0, '!':0, '!':0, '!':0, '!':0, '!':0, '!':0, '!':0, '!':0, '!':0, '!':0, '!':0, '':99403, '':101280, '':58695, '':118981, '':8997, '':108218, '':5122, '':21894, '':101166, '':101451, '':100270 ]
[1712729541] n_remain: 39
[1712729541] eval: [ '':100270 ]
[1712729541] n_past = 606
[1712729541] last: [ '!':0, '!':0, '!':0, '!':0, '!':0, '!':0, '!':0, '!':0, '!':0, '!':0, '!':0, '!':0, '!':0, '!':0, '!':0, '!':0, '!':0, '!':0, '!':0, '!':0, '!':0, '!':0, '!':0, '!':0, '!':0, '!':0, '!':0, '!':0, '!':0, '!':0, '!':0, '!':0, '!':0, '!':0, '!':0, '!':0, '!':0, '!':0, '!':0, '!':0, '!':0, '!':0, '!':0, '!':0, '!':0, '!':0, '!':0, '!':0, '!':0, '!':0, '!':0, '!':0, '':99403, '':101280, '':58695, '':118981, '':8997, '':108218, '':5122, '':21894, '':101166, '':101451, '':100270, '':117694 ]
[1712729541] n_remain: 38
[1712729541] eval: [ '':117694 ]
[1712729541] n_past = 607
[1712729541] last: [ '!':0, '!':0, '!':0, '!':0, '!':0, '!':0, '!':0, '!':0, '!':0, '!':0, '!':0, '!':0, '!':0, '!':0, '!':0, '!':0, '!':0, '!':0, '!':0, '!':0, '!':0, '!':0, '!':0, '!':0, '!':0, '!':0, '!':0, '!':0, '!':0, '!':0, '!':0, '!':0, '!':0, '!':0, '!':0, '!':0, '!':0, '!':0, '!':0, '!':0, '!':0, '!':0, '!':0, '!':0, '!':0, '!':0, '!':0, '!':0, '!':0, '!':0, '!':0, '':99403, '':101280, '':58695, '':118981, '':8997, '':108218, '':5122, '':21894, '':101166, '':101451, '':100270, '':117694, '':3837 ]
[1712729541] n_remain: 37
[1712729541] eval: [ '':3837 ]
[1712729541] n_past = 608
[1712729541] last: [ '!':0, '!':0, '!':0, '!':0, '!':0, '!':0, '!':0, '!':0, '!':0, '!':0, '!':0, '!':0, '!':0, '!':0, '!':0, '!':0, '!':0, '!':0, '!':0, '!':0, '!':0, '!':0, '!':0, '!':0, '!':0, '!':0, '!':0, '!':0, '!':0, '!':0, '!':0, '!':0, '!':0, '!':0, '!':0, '!':0, '!':0, '!':0, '!':0, '!':0, '!':0, '!':0, '!':0, '!':0, '!':0, '!':0, '!':0, '!':0, '!':0, '!':0, '':99403, '':101280, '':58695, '':118981, '':8997, '':108218, '':5122, '':21894, '':101166, '':101451, '':100270, '':117694, '':3837, '':106166 ]
[1712729541] n_remain: 36
[1712729541] eval: [ '':106166 ]
[1712729541] n_past = 609
[1712729541] last: [ '!':0, '!':0, '!':0, '!':0, '!':0, '!':0, '!':0, '!':0, '!':0, '!':0, '!':0, '!':0, '!':0, '!':0, '!':0, '!':0, '!':0, '!':0, '!':0, '!':0, '!':0, '!':0, '!':0, '!':0, '!':0, '!':0, '!':0, '!':0, '!':0, '!':0, '!':0, '!':0, '!':0, '!':0, '!':0, '!':0, '!':0, '!':0, '!':0, '!':0, '!':0, '!':0, '!':0, '!':0, '!':0, '!':0, '!':0, '!':0, '!':0, '':99403, '':101280, '':58695, '':118981, '':8997, '':108218, '':5122, '':21894, '':101166, '':101451, '':100270, '':117694, '':3837, '':106166, '':101999 ]
[1712729541] n_remain: 35
[1712729541] eval: [ '':101999 ]
[1712729541] n_past = 610
[1712729541] last: [ '!':0, '!':0, '!':0, '!':0, '!':0, '!':0, '!':0, '!':0, '!':0, '!':0, '!':0, '!':0, '!':0, '!':0, '!':0, '!':0, '!':0, '!':0, '!':0, '!':0, '!':0, '!':0, '!':0, '!':0, '!':0, '!':0, '!':0, '!':0, '!':0, '!':0, '!':0, '!':0, '!':0, '!':0, '!':0, '!':0, '!':0, '!':0, '!':0, '!':0, '!':0, '!':0, '!':0, '!':0, '!':0, '!':0, '!':0, '!':0, '':99403, '':101280, '':58695, '':118981, '':8997, '':108218, '':5122, '':21894, '':101166, '':101451, '':100270, '':117694, '':3837, '':106166, '':101999, '':101380 ]
[1712729541] n_remain: 34
[1712729541] eval: [ '':101380 ]
[1712729541] n_past = 611
[1712729541] last: [ '!':0, '!':0, '!':0, '!':0, '!':0, '!':0, '!':0, '!':0, '!':0, '!':0, '!':0, '!':0, '!':0, '!':0, '!':0, '!':0, '!':0, '!':0, '!':0, '!':0, '!':0, '!':0, '!':0, '!':0, '!':0, '!':0, '!':0, '!':0, '!':0, '!':0, '!':0, '!':0, '!':0, '!':0, '!':0, '!':0, '!':0, '!':0, '!':0, '!':0, '!':0, '!':0, '!':0, '!':0, '!':0, '!':0, '!':0, '':99403, '':101280, '':58695, '':118981, '':8997, '':108218, '':5122, '':21894, '':101166, '':101451, '':100270, '':117694, '':3837, '':106166, '':101999, '':101380, '':101996 ]
[1712729541] n_remain: 33
[1712729541] eval: [ '':101996 ]
[1712729541] n_past = 612
[1712729541] last: [ '!':0, '!':0, '!':0, '!':0, '!':0, '!':0, '!':0, '!':0, '!':0, '!':0, '!':0, '!':0, '!':0, '!':0, '!':0, '!':0, '!':0, '!':0, '!':0, '!':0, '!':0, '!':0, '!':0, '!':0, '!':0, '!':0, '!':0, '!':0, '!':0, '!':0, '!':0, '!':0, '!':0, '!':0, '!':0, '!':0, '!':0, '!':0, '!':0, '!':0, '!':0, '!':0, '!':0, '!':0, '!':0, '!':0, '':99403, '':101280, '':58695, '':118981, '':8997, '':108218, '':5122, '':21894, '':101166, '':101451, '':100270, '':117694, '':3837, '':106166, '':101999, '':101380, '':101996, '':3837 ]
[1712729541] n_remain: 32
[1712729541] eval: [ '':3837 ]
[1712729541] n_past = 613
[1712729541] last: [ '!':0, '!':0, '!':0, '!':0, '!':0, '!':0, '!':0, '!':0, '!':0, '!':0, '!':0, '!':0, '!':0, '!':0, '!':0, '!':0, '!':0, '!':0, '!':0, '!':0, '!':0, '!':0, '!':0, '!':0, '!':0, '!':0, '!':0, '!':0, '!':0, '!':0, '!':0, '!':0, '!':0, '!':0, '!':0, '!':0, '!':0, '!':0, '!':0, '!':0, '!':0, '!':0, '!':0, '!':0, '!':0, '':99403, '':101280, '':58695, '':118981, '':8997, '':108218, '':5122, '':21894, '':101166, '':101451, '':100270, '':117694, '':3837, '':106166, '':101999, '':101380, '':101996, '':3837, '':101153 ]
[1712729541] n_remain: 31
[1712729541] eval: [ '':101153 ]
[1712729541] n_past = 614
[1712729541] last: [ '!':0, '!':0, '!':0, '!':0, '!':0, '!':0, '!':0, '!':0, '!':0, '!':0, '!':0, '!':0, '!':0, '!':0, '!':0, '!':0, '!':0, '!':0, '!':0, '!':0, '!':0, '!':0, '!':0, '!':0, '!':0, '!':0, '!':0, '!':0, '!':0, '!':0, '!':0, '!':0, '!':0, '!':0, '!':0, '!':0, '!':0, '!':0, '!':0, '!':0, '!':0, '!':0, '!':0, '!':0, '':99403, '':101280, '':58695, '':118981, '':8997, '':108218, '':5122, '':21894, '':101166, '':101451, '':100270, '':117694, '':3837, '':106166, '':101999, '':101380, '':101996, '':3837, '':101153, '':16530 ]
[1712729541] n_remain: 30
[1712729541] eval: [ '':16530 ]
[1712729541] n_past = 615
[1712729541] last: [ '!':0, '!':0, '!':0, '!':0, '!':0, '!':0, '!':0, '!':0, '!':0, '!':0, '!':0, '!':0, '!':0, '!':0, '!':0, '!':0, '!':0, '!':0, '!':0, '!':0, '!':0, '!':0, '!':0, '!':0, '!':0, '!':0, '!':0, '!':0, '!':0, '!':0, '!':0, '!':0, '!':0, '!':0, '!':0, '!':0, '!':0, '!':0, '!':0, '!':0, '!':0, '!':0, '!':0, '':99403, '':101280, '':58695, '':118981, '':8997, '':108218, '':5122, '':21894, '':101166, '':101451, '':100270, '':117694, '':3837, '':106166, '':101999, '':101380, '':101996, '':3837, '':101153, '':16530, '':100270 ]
[1712729541] n_remain: 29
[1712729541] eval: [ '':100270 ]
[1712729541] n_past = 616
[1712729541] last: [ '!':0, '!':0, '!':0, '!':0, '!':0, '!':0, '!':0, '!':0, '!':0, '!':0, '!':0, '!':0, '!':0, '!':0, '!':0, '!':0, '!':0, '!':0, '!':0, '!':0, '!':0, '!':0, '!':0, '!':0, '!':0, '!':0, '!':0, '!':0, '!':0, '!':0, '!':0, '!':0, '!':0, '!':0, '!':0, '!':0, '!':0, '!':0, '!':0, '!':0, '!':0, '!':0, '':99403, '':101280, '':58695, '':118981, '':8997, '':108218, '':5122, '':21894, '':101166, '':101451, '':100270, '':117694, '':3837, '':106166, '':101999, '':101380, '':101996, '':3837, '':101153, '':16530, '':100270, '':102170 ]
[1712729541] n_remain: 28
[1712729541] eval: [ '':102170 ]
[1712729541] n_past = 617
[1712729541] last: [ '!':0, '!':0, '!':0, '!':0, '!':0, '!':0, '!':0, '!':0, '!':0, '!':0, '!':0, '!':0, '!':0, '!':0, '!':0, '!':0, '!':0, '!':0, '!':0, '!':0, '!':0, '!':0, '!':0, '!':0, '!':0, '!':0, '!':0, '!':0, '!':0, '!':0, '!':0, '!':0, '!':0, '!':0, '!':0, '!':0, '!':0, '!':0, '!':0, '!':0, '!':0, '':99403, '':101280, '':58695, '':118981, '':8997, '':108218, '':5122, '':21894, '':101166, '':101451, '':100270, '':117694, '':3837, '':106166, '':101999, '':101380, '':101996, '':3837, '':101153, '':16530, '':100270, '':102170, '':1773 ]
[1712729541] n_remain: 27
[1712729541] eval: [ '':1773 ]
[1712729541] n_past = 618
[1712729541] last: [ '!':0, '!':0, '!':0, '!':0, '!':0, '!':0, '!':0, '!':0, '!':0, '!':0, '!':0, '!':0, '!':0, '!':0, '!':0, '!':0, '!':0, '!':0, '!':0, '!':0, '!':0, '!':0, '!':0, '!':0, '!':0, '!':0, '!':0, '!':0, '!':0, '!':0, '!':0, '!':0, '!':0, '!':0, '!':0, '!':0, '!':0, '!':0, '!':0, '!':0, '':99403, '':101280, '':58695, '':118981, '':8997, '':108218, '':5122, '':21894, '':101166, '':101451, '':100270, '':117694, '':3837, '':106166, '':101999, '':101380, '':101996, '':3837, '':101153, '':16530, '':100270, '':102170, '':1773, '':106629 ]
[1712729541] n_remain: 26
[1712729541] eval: [ '':106629 ]
[1712729541] n_past = 619
[1712729541] last: [ '!':0, '!':0, '!':0, '!':0, '!':0, '!':0, '!':0, '!':0, '!':0, '!':0, '!':0, '!':0, '!':0, '!':0, '!':0, '!':0, '!':0, '!':0, '!':0, '!':0, '!':0, '!':0, '!':0, '!':0, '!':0, '!':0, '!':0, '!':0, '!':0, '!':0, '!':0, '!':0, '!':0, '!':0, '!':0, '!':0, '!':0, '!':0, '!':0, '':99403, '':101280, '':58695, '':118981, '':8997, '':108218, '':5122, '':21894, '':101166, '':101451, '':100270, '':117694, '':3837, '':106166, '':101999, '':101380, '':101996, '':3837, '':101153, '':16530, '':100270, '':102170, '':1773, '':106629, '':81217 ]
[1712729541] n_remain: 25
[1712729541] eval: [ '':81217 ]
[1712729541] n_past = 620
[1712729541] last: [ '!':0, '!':0, '!':0, '!':0, '!':0, '!':0, '!':0, '!':0, '!':0, '!':0, '!':0, '!':0, '!':0, '!':0, '!':0, '!':0, '!':0, '!':0, '!':0, '!':0, '!':0, '!':0, '!':0, '!':0, '!':0, '!':0, '!':0, '!':0, '!':0, '!':0, '!':0, '!':0, '!':0, '!':0, '!':0, '!':0, '!':0, '!':0, '':99403, '':101280, '':58695, '':118981, '':8997, '':108218, '':5122, '':21894, '':101166, '':101451, '':100270, '':117694, '':3837, '':106166, '':101999, '':101380, '':101996, '':3837, '':101153, '':16530, '':100270, '':102170, '':1773, '':106629, '':81217, '':106629 ]
[1712729541] n_remain: 24
[1712729541] eval: [ '':106629 ]
[1712729541] n_past = 621
[1712729541] last: [ '!':0, '!':0, '!':0, '!':0, '!':0, '!':0, '!':0, '!':0, '!':0, '!':0, '!':0, '!':0, '!':0, '!':0, '!':0, '!':0, '!':0, '!':0, '!':0, '!':0, '!':0, '!':0, '!':0, '!':0, '!':0, '!':0, '!':0, '!':0, '!':0, '!':0, '!':0, '!':0, '!':0, '!':0, '!':0, '!':0, '!':0, '':99403, '':101280, '':58695, '':118981, '':8997, '':108218, '':5122, '':21894, '':101166, '':101451, '':100270, '':117694, '':3837, '':106166, '':101999, '':101380, '':101996, '':3837, '':101153, '':16530, '':100270, '':102170, '':1773, '':106629, '':81217, '':106629, '':31838 ]
[1712729541] n_remain: 23
[1712729541] eval: [ '':31838 ]
[1712729541] n_past = 622
[1712729541] last: [ '!':0, '!':0, '!':0, '!':0, '!':0, '!':0, '!':0, '!':0, '!':0, '!':0, '!':0, '!':0, '!':0, '!':0, '!':0, '!':0, '!':0, '!':0, '!':0, '!':0, '!':0, '!':0, '!':0, '!':0, '!':0, '!':0, '!':0, '!':0, '!':0, '!':0, '!':0, '!':0, '!':0, '!':0, '!':0, '!':0, '':99403, '':101280, '':58695, '':118981, '':8997, '':108218, '':5122, '':21894, '':101166, '':101451, '':100270, '':117694, '':3837, '':106166, '':101999, '':101380, '':101996, '':3837, '':101153, '':16530, '':100270, '':102170, '':1773, '':106629, '':81217, '':106629, '':31838, '':102298 ]
[1712729541] n_remain: 22
[1712729541] eval: [ '':102298 ]
[1712729541] n_past = 623
[1712729541] last: [ '!':0, '!':0, '!':0, '!':0, '!':0, '!':0, '!':0, '!':0, '!':0, '!':0, '!':0, '!':0, '!':0, '!':0, '!':0, '!':0, '!':0, '!':0, '!':0, '!':0, '!':0, '!':0, '!':0, '!':0, '!':0, '!':0, '!':0, '!':0, '!':0, '!':0, '!':0, '!':0, '!':0, '!':0, '!':0, '':99403, '':101280, '':58695, '':118981, '':8997, '':108218, '':5122, '':21894, '':101166, '':101451, '':100270, '':117694, '':3837, '':106166, '':101999, '':101380, '':101996, '':3837, '':101153, '':16530, '':100270, '':102170, '':1773, '':106629, '':81217, '':106629, '':31838, '':102298, '':105427 ]
[1712729541] n_remain: 21
[1712729541] eval: [ '':105427 ]
[1712729541] n_past = 624
[1712729541] last: [ '!':0, '!':0, '!':0, '!':0, '!':0, '!':0, '!':0, '!':0, '!':0, '!':0, '!':0, '!':0, '!':0, '!':0, '!':0, '!':0, '!':0, '!':0, '!':0, '!':0, '!':0, '!':0, '!':0, '!':0, '!':0, '!':0, '!':0, '!':0, '!':0, '!':0, '!':0, '!':0, '!':0, '!':0, '':99403, '':101280, '':58695, '':118981, '':8997, '':108218, '':5122, '':21894, '':101166, '':101451, '':100270, '':117694, '':3837, '':106166, '':101999, '':101380, '':101996, '':3837, '':101153, '':16530, '':100270, '':102170, '':1773, '':106629, '':81217, '':106629, '':31838, '':102298, '':105427, '':20412 ]
[1712729541] n_remain: 20
[1712729541] eval: [ '':20412 ]
[1712729541] n_past = 625
[1712729541] last: [ '!':0, '!':0, '!':0, '!':0, '!':0, '!':0, '!':0, '!':0, '!':0, '!':0, '!':0, '!':0, '!':0, '!':0, '!':0, '!':0, '!':0, '!':0, '!':0, '!':0, '!':0, '!':0, '!':0, '!':0, '!':0, '!':0, '!':0, '!':0, '!':0, '!':0, '!':0, '!':0, '!':0, '':99403, '':101280, '':58695, '':118981, '':8997, '':108218, '':5122, '':21894, '':101166, '':101451, '':100270, '':117694, '':3837, '':106166, '':101999, '':101380, '':101996, '':3837, '':101153, '':16530, '':100270, '':102170, '':1773, '':106629, '':81217, '':106629, '':31838, '':102298, '':105427, '':20412, '':103965 ]
[1712729541] n_remain: 19
[1712729541] eval: [ '':103965 ]
[1712729541] n_past = 626
[1712729541] last: [ '!':0, '!':0, '!':0, '!':0, '!':0, '!':0, '!':0, '!':0, '!':0, '!':0, '!':0, '!':0, '!':0, '!':0, '!':0, '!':0, '!':0, '!':0, '!':0, '!':0, '!':0, '!':0, '!':0, '!':0, '!':0, '!':0, '!':0, '!':0, '!':0, '!':0, '!':0, '!':0, '':99403, '':101280, '':58695, '':118981, '':8997, '':108218, '':5122, '':21894, '':101166, '':101451, '':100270, '':117694, '':3837, '':106166, '':101999, '':101380, '':101996, '':3837, '':101153, '':16530, '':100270, '':102170, '':1773, '':106629, '':81217, '':106629, '':31838, '':102298, '':105427, '':20412, '':103965, '':69041 ]
[1712729541] n_remain: 18
[1712729541] eval: [ '':69041 ]
[1712729541] n_past = 627
[1712729541] last: [ '!':0, '!':0, '!':0, '!':0, '!':0, '!':0, '!':0, '!':0, '!':0, '!':0, '!':0, '!':0, '!':0, '!':0, '!':0, '!':0, '!':0, '!':0, '!':0, '!':0, '!':0, '!':0, '!':0, '!':0, '!':0, '!':0, '!':0, '!':0, '!':0, '!':0, '!':0, '':99403, '':101280, '':58695, '':118981, '':8997, '':108218, '':5122, '':21894, '':101166, '':101451, '':100270, '':117694, '':3837, '':106166, '':101999, '':101380, '':101996, '':3837, '':101153, '':16530, '':100270, '':102170, '':1773, '':106629, '':81217, '':106629, '':31838, '':102298, '':105427, '':20412, '':103965, '':69041, '':101380 ]
[1712729541] n_remain: 17
[1712729541] eval: [ '':101380 ]
[1712729541] n_past = 628
[1712729541] last: [ '!':0, '!':0, '!':0, '!':0, '!':0, '!':0, '!':0, '!':0, '!':0, '!':0, '!':0, '!':0, '!':0, '!':0, '!':0, '!':0, '!':0, '!':0, '!':0, '!':0, '!':0, '!':0, '!':0, '!':0, '!':0, '!':0, '!':0, '!':0, '!':0, '!':0, '':99403, '':101280, '':58695, '':118981, '':8997, '':108218, '':5122, '':21894, '':101166, '':101451, '':100270, '':117694, '':3837, '':106166, '':101999, '':101380, '':101996, '':3837, '':101153, '':16530, '':100270, '':102170, '':1773, '':106629, '':81217, '':106629, '':31838, '':102298, '':105427, '':20412, '':103965, '':69041, '':101380, '':105645 ]
[1712729541] n_remain: 16
[1712729541] eval: [ '':105645 ]
[1712729541] n_past = 629
[1712729541] last: [ '!':0, '!':0, '!':0, '!':0, '!':0, '!':0, '!':0, '!':0, '!':0, '!':0, '!':0, '!':0, '!':0, '!':0, '!':0, '!':0, '!':0, '!':0, '!':0, '!':0, '!':0, '!':0, '!':0, '!':0, '!':0, '!':0, '!':0, '!':0, '!':0, '':99403, '':101280, '':58695, '':118981, '':8997, '':108218, '':5122, '':21894, '':101166, '':101451, '':100270, '':117694, '':3837, '':106166, '':101999, '':101380, '':101996, '':3837, '':101153, '':16530, '':100270, '':102170, '':1773, '':106629, '':81217, '':106629, '':31838, '':102298, '':105427, '':20412, '':103965, '':69041, '':101380, '':105645, '':3837 ]
[1712729541] n_remain: 15
[1712729541] eval: [ '':3837 ]
[1712729541] n_past = 630
[1712729541] last: [ '!':0, '!':0, '!':0, '!':0, '!':0, '!':0, '!':0, '!':0, '!':0, '!':0, '!':0, '!':0, '!':0, '!':0, '!':0, '!':0, '!':0, '!':0, '!':0, '!':0, '!':0, '!':0, '!':0, '!':0, '!':0, '!':0, '!':0, '!':0, '':99403, '':101280, '':58695, '':118981, '':8997, '':108218, '':5122, '':21894, '':101166, '':101451, '':100270, '':117694, '':3837, '':106166, '':101999, '':101380, '':101996, '':3837, '':101153, '':16530, '':100270, '':102170, '':1773, '':106629, '':81217, '':106629, '':31838, '':102298, '':105427, '':20412, '':103965, '':69041, '':101380, '':105645, '':3837, '':99885 ]
[1712729541] n_remain: 14
[1712729541] eval: [ '':99885 ]
[1712729541] n_past = 631
[1712729541] last: [ '!':0, '!':0, '!':0, '!':0, '!':0, '!':0, '!':0, '!':0, '!':0, '!':0, '!':0, '!':0, '!':0, '!':0, '!':0, '!':0, '!':0, '!':0, '!':0, '!':0, '!':0, '!':0, '!':0, '!':0, '!':0, '!':0, '!':0, '':99403, '':101280, '':58695, '':118981, '':8997, '':108218, '':5122, '':21894, '':101166, '':101451, '':100270, '':117694, '':3837, '':106166, '':101999, '':101380, '':101996, '':3837, '':101153, '':16530, '':100270, '':102170, '':1773, '':106629, '':81217, '':106629, '':31838, '':102298, '':105427, '':20412, '':103965, '':69041, '':101380, '':105645, '':3837, '':99885, '':102887 ]
[1712729541] n_remain: 13
[1712729541] eval: [ '':102887 ]
[1712729541] n_past = 632
[1712729541] last: [ '!':0, '!':0, '!':0, '!':0, '!':0, '!':0, '!':0, '!':0, '!':0, '!':0, '!':0, '!':0, '!':0, '!':0, '!':0, '!':0, '!':0, '!':0, '!':0, '!':0, '!':0, '!':0, '!':0, '!':0, '!':0, '!':0, '':99403, '':101280, '':58695, '':118981, '':8997, '':108218, '':5122, '':21894, '':101166, '':101451, '':100270, '':117694, '':3837, '':106166, '':101999, '':101380, '':101996, '':3837, '':101153, '':16530, '':100270, '':102170, '':1773, '':106629, '':81217, '':106629, '':31838, '':102298, '':105427, '':20412, '':103965, '':69041, '':101380, '':105645, '':3837, '':99885, '':102887, '':108235 ]
[1712729541] n_remain: 12
[1712729541] eval: [ '':108235 ]
[1712729541] n_past = 633
[1712729541] last: [ '!':0, '!':0, '!':0, '!':0, '!':0, '!':0, '!':0, '!':0, '!':0, '!':0, '!':0, '!':0, '!':0, '!':0, '!':0, '!':0, '!':0, '!':0, '!':0, '!':0, '!':0, '!':0, '!':0, '!':0, '!':0, '':99403, '':101280, '':58695, '':118981, '':8997, '':108218, '':5122, '':21894, '':101166, '':101451, '':100270, '':117694, '':3837, '':106166, '':101999, '':101380, '':101996, '':3837, '':101153, '':16530, '':100270, '':102170, '':1773, '':106629, '':81217, '':106629, '':31838, '':102298, '':105427, '':20412, '':103965, '':69041, '':101380, '':105645, '':3837, '':99885, '':102887, '':108235, '':106193 ]
[1712729541] n_remain: 11
[1712729541] eval: [ '':106193 ]
[1712729541] n_past = 634
[1712729541] last: [ '!':0, '!':0, '!':0, '!':0, '!':0, '!':0, '!':0, '!':0, '!':0, '!':0, '!':0, '!':0, '!':0, '!':0, '!':0, '!':0, '!':0, '!':0, '!':0, '!':0, '!':0, '!':0, '!':0, '!':0, '':99403, '':101280, '':58695, '':118981, '':8997, '':108218, '':5122, '':21894, '':101166, '':101451, '':100270, '':117694, '':3837, '':106166, '':101999, '':101380, '':101996, '':3837, '':101153, '':16530, '':100270, '':102170, '':1773, '':106629, '':81217, '':106629, '':31838, '':102298, '':105427, '':20412, '':103965, '':69041, '':101380, '':105645, '':3837, '':99885, '':102887, '':108235, '':106193, '':102204 ]
[1712729541] n_remain: 10
[1712729541] eval: [ '':102204 ]
[1712729541] n_past = 635
[1712729541] last: [ '!':0, '!':0, '!':0, '!':0, '!':0, '!':0, '!':0, '!':0, '!':0, '!':0, '!':0, '!':0, '!':0, '!':0, '!':0, '!':0, '!':0, '!':0, '!':0, '!':0, '!':0, '!':0, '!':0, '':99403, '':101280, '':58695, '':118981, '':8997, '':108218, '':5122, '':21894, '':101166, '':101451, '':100270, '':117694, '':3837, '':106166, '':101999, '':101380, '':101996, '':3837, '':101153, '':16530, '':100270, '':102170, '':1773, '':106629, '':81217, '':106629, '':31838, '':102298, '':105427, '':20412, '':103965, '':69041, '':101380, '':105645, '':3837, '':99885, '':102887, '':108235, '':106193, '':102204, '':9370 ]
[1712729541] n_remain: 9
[1712729541] eval: [ '':9370 ]
[1712729541] n_past = 636
[1712729541] last: [ '!':0, '!':0, '!':0, '!':0, '!':0, '!':0, '!':0, '!':0, '!':0, '!':0, '!':0, '!':0, '!':0, '!':0, '!':0, '!':0, '!':0, '!':0, '!':0, '!':0, '!':0, '!':0, '':99403, '':101280, '':58695, '':118981, '':8997, '':108218, '':5122, '':21894, '':101166, '':101451, '':100270, '':117694, '':3837, '':106166, '':101999, '':101380, '':101996, '':3837, '':101153, '':16530, '':100270, '':102170, '':1773, '':106629, '':81217, '':106629, '':31838, '':102298, '':105427, '':20412, '':103965, '':69041, '':101380, '':105645, '':3837, '':99885, '':102887, '':108235, '':106193, '':102204, '':9370, '':100386 ]
[1712729541] n_remain: 8
[1712729541] eval: [ '':100386 ]
[1712729541] n_past = 637
[1712729541] last: [ '!':0, '!':0, '!':0, '!':0, '!':0, '!':0, '!':0, '!':0, '!':0, '!':0, '!':0, '!':0, '!':0, '!':0, '!':0, '!':0, '!':0, '!':0, '!':0, '!':0, '!':0, '':99403, '':101280, '':58695, '':118981, '':8997, '':108218, '':5122, '':21894, '':101166, '':101451, '':100270, '':117694, '':3837, '':106166, '':101999, '':101380, '':101996, '':3837, '':101153, '':16530, '':100270, '':102170, '':1773, '':106629, '':81217, '':106629, '':31838, '':102298, '':105427, '':20412, '':103965, '':69041, '':101380, '':105645, '':3837, '':99885, '':102887, '':108235, '':106193, '':102204, '':9370, '':100386, '':101070 ]
[1712729541] n_remain: 7
[1712729541] eval: [ '':101070 ]
[1712729541] n_past = 638
[1712729541] last: [ '!':0, '!':0, '!':0, '!':0, '!':0, '!':0, '!':0, '!':0, '!':0, '!':0, '!':0, '!':0, '!':0, '!':0, '!':0, '!':0, '!':0, '!':0, '!':0, '!':0, '':99403, '':101280, '':58695, '':118981, '':8997, '':108218, '':5122, '':21894, '':101166, '':101451, '':100270, '':117694, '':3837, '':106166, '':101999, '':101380, '':101996, '':3837, '':101153, '':16530, '':100270, '':102170, '':1773, '':106629, '':81217, '':106629, '':31838, '':102298, '':105427, '':20412, '':103965, '':69041, '':101380, '':105645, '':3837, '':99885, '':102887, '':108235, '':106193, '':102204, '':9370, '':100386, '':101070, '':99472 ]
[1712729541] n_remain: 6
[1712729541] eval: [ '':99472 ]
[1712729541] n_past = 639
[1712729541] last: [ '!':0, '!':0, '!':0, '!':0, '!':0, '!':0, '!':0, '!':0, '!':0, '!':0, '!':0, '!':0, '!':0, '!':0, '!':0, '!':0, '!':0, '!':0, '!':0, '':99403, '':101280, '':58695, '':118981, '':8997, '':108218, '':5122, '':21894, '':101166, '':101451, '':100270, '':117694, '':3837, '':106166, '':101999, '':101380, '':101996, '':3837, '':101153, '':16530, '':100270, '':102170, '':1773, '':106629, '':81217, '':106629, '':31838, '':102298, '':105427, '':20412, '':103965, '':69041, '':101380, '':105645, '':3837, '':99885, '':102887, '':108235, '':106193, '':102204, '':9370, '':100386, '':101070, '':99472, '':99397 ]
[1712729541] n_remain: 5
[1712729541] eval: [ '':99397 ]
[1712729541] n_past = 640
[1712729541] last: [ '!':0, '!':0, '!':0, '!':0, '!':0, '!':0, '!':0, '!':0, '!':0, '!':0, '!':0, '!':0, '!':0, '!':0, '!':0, '!':0, '!':0, '!':0, '':99403, '':101280, '':58695, '':118981, '':8997, '':108218, '':5122, '':21894, '':101166, '':101451, '':100270, '':117694, '':3837, '':106166, '':101999, '':101380, '':101996, '':3837, '':101153, '':16530, '':100270, '':102170, '':1773, '':106629, '':81217, '':106629, '':31838, '':102298, '':105427, '':20412, '':103965, '':69041, '':101380, '':105645, '':3837, '':99885, '':102887, '':108235, '':106193, '':102204, '':9370, '':100386, '':101070, '':99472, '':99397, '':102963 ]
[1712729541] n_remain: 4
[1712729541] context full, swapping: n_past = 640, n_left = 73, n_ctx = 640, n_keep = 567, n_discard = 36
[1712729541] after swap: n_past = 604, n_past_guidance = 0
[1712729541] embd: [ '':102963 ]
[1712729541] clear session path
[1712729541] eval: [ '':102963 ]
[1712729541] n_past = 605
[1712729541] last: [ '!':0, '!':0, '!':0, '!':0, '!':0, '!':0, '!':0, '!':0, '!':0, '!':0, '!':0, '!':0, '!':0, '!':0, '!':0, '!':0, '!':0, '':99403, '':101280, '':58695, '':118981, '':8997, '':108218, '':5122, '':21894, '':101166, '':101451, '':100270, '':117694, '':3837, '':106166, '':101999, '':101380, '':101996, '':3837, '':101153, '':16530, '':100270, '':102170, '':1773, '':106629, '':81217, '':106629, '':31838, '':102298, '':105427, '':20412, '':103965, '':69041, '':101380, '':105645, '':3837, '':99885, '':102887, '':108235, '':106193, '':102204, '':9370, '':100386, '':101070, '':99472, '':99397, '':102963, '':101070 ]
[1712729541] n_remain: 3
[1712729541] eval: [ '':101070 ]
[1712729541] n_past = 606
[1712729541] last: [ '!':0, '!':0, '!':0, '!':0, '!':0, '!':0, '!':0, '!':0, '!':0, '!':0, '!':0, '!':0, '!':0, '!':0, '!':0, '!':0, '':99403, '':101280, '':58695, '':118981, '':8997, '':108218, '':5122, '':21894, '':101166, '':101451, '':100270, '':117694, '':3837, '':106166, '':101999, '':101380, '':101996, '':3837, '':101153, '':16530, '':100270, '':102170, '':1773, '':106629, '':81217, '':106629, '':31838, '':102298, '':105427, '':20412, '':103965, '':69041, '':101380, '':105645, '':3837, '':99885, '':102887, '':108235, '':106193, '':102204, '':9370, '':100386, '':101070, '':99472, '':99397, '':102963, '':101070, '':1773 ]
[1712729541] n_remain: 2
[1712729541] eval: [ '':1773 ]
[1712729541] n_past = 607
[1712729541] last: [ '!':0, '!':0, '!':0, '!':0, '!':0, '!':0, '!':0, '!':0, '!':0, '!':0, '!':0, '!':0, '!':0, '!':0, '!':0, '':99403, '':101280, '':58695, '':118981, '':8997, '':108218, '':5122, '':21894, '':101166, '':101451, '':100270, '':117694, '':3837, '':106166, '':101999, '':101380, '':101996, '':3837, '':101153, '':16530, '':100270, '':102170, '':1773, '':106629, '':81217, '':106629, '':31838, '':102298, '':105427, '':20412, '':103965, '':69041, '':101380, '':105645, '':3837, '':99885, '':102887, '':108235, '':106193, '':102204, '':9370, '':100386, '':101070, '':99472, '':99397, '':102963, '':101070, '':1773, '':106629 ]
[1712729541] n_remain: 1
[1712729541] eval: [ '':106629 ]
[1712729541] n_past = 608
[1712729541] last: [ '!':0, '!':0, '!':0, '!':0, '!':0, '!':0, '!':0, '!':0, '!':0, '!':0, '!':0, '!':0, '!':0, '!':0, '':99403, '':101280, '':58695, '':118981, '':8997, '':108218, '':5122, '':21894, '':101166, '':101451, '':100270, '':117694, '':3837, '':106166, '':101999, '':101380, '':101996, '':3837, '':101153, '':16530, '':100270, '':102170, '':1773, '':106629, '':81217, '':106629, '':31838, '':102298, '':105427, '':20412, '':103965, '':69041, '':101380, '':105645, '':3837, '':99885, '':102887, '':108235, '':106193, '':102204, '':9370, '':100386, '':101070, '':99472, '':99397, '':102963, '':101070, '':1773, '':106629, '':104270 ]
[1712729541] n_remain: 0
[1712729541] eval: [ '':104270 ]
[1712729541] n_past = 609
[1712729541] embd_inp.size(): 567, n_consumed: 567
[1712729541] waiting for user input
[1712729541] empty line, passing control back
[1712729541] last: [ '!':0, '!':0, '!':0, '!':0, '!':0, '!':0, '!':0, '!':0, '!':0, '!':0, '!':0, '!':0, '!':0, '!':0, '!':0, '!':0, '!':0, '!':0, '!':0, '!':0, '!':0, '!':0, '!':0, '!':0, '!':0, '!':0, '!':0, '!':0, '!':0, '!':0, '!':0, '!':0, '!':0, '!':0, '!':0, '!':0, '!':0, '!':0, '!':0, '!':0, '!':0, '!':0, '!':0, '!':0, '!':0, '!':0, '!':0, '!':0, '!':0, '!':0, '!':0, '!':0, '!':0, '!':0, '!':0, '!':0, '!':0, '!':0, '!':0, '!':0, '!':0, '!':0, '!':0, '':16530 ]
[1712729541] n_remain: 49
[1712729541] eval: [ '':16530 ]
[1712729541] n_past = 610
[1712729541] last: [ '!':0, '!':0, '!':0, '!':0, '!':0, '!':0, '!':0, '!':0, '!':0, '!':0, '!':0, '!':0, '!':0, '!':0, '!':0, '!':0, '!':0, '!':0, '!':0, '!':0, '!':0, '!':0, '!':0, '!':0, '!':0, '!':0, '!':0, '!':0, '!':0, '!':0, '!':0, '!':0, '!':0, '!':0, '!':0, '!':0, '!':0, '!':0, '!':0, '!':0, '!':0, '!':0, '!':0, '!':0, '!':0, '!':0, '!':0, '!':0, '!':0, '!':0, '!':0, '!':0, '!':0, '!':0, '!':0, '!':0, '!':0, '!':0, '!':0, '!':0, '!':0, '!':0, '':16530, '':99553 ]
[1712729541] n_remain: 48
[1712729541] eval: [ '':99553 ]
[1712729542] n_past = 611
[1712729542] last: [ '!':0, '!':0, '!':0, '!':0, '!':0, '!':0, '!':0, '!':0, '!':0, '!':0, '!':0, '!':0, '!':0, '!':0, '!':0, '!':0, '!':0, '!':0, '!':0, '!':0, '!':0, '!':0, '!':0, '!':0, '!':0, '!':0, '!':0, '!':0, '!':0, '!':0, '!':0, '!':0, '!':0, '!':0, '!':0, '!':0, '!':0, '!':0, '!':0, '!':0, '!':0, '!':0, '!':0, '!':0, '!':0, '!':0, '!':0, '!':0, '!':0, '!':0, '!':0, '!':0, '!':0, '!':0, '!':0, '!':0, '!':0, '!':0, '!':0, '!':0, '!':0, '':16530, '':99553, '':99885 ]
[1712729542] n_remain: 47
[1712729542] eval: [ '':99885 ]
[1712729542] n_past = 612
[1712729542] last: [ '!':0, '!':0, '!':0, '!':0, '!':0, '!':0, '!':0, '!':0, '!':0, '!':0, '!':0, '!':0, '!':0, '!':0, '!':0, '!':0, '!':0, '!':0, '!':0, '!':0, '!':0, '!':0, '!':0, '!':0, '!':0, '!':0, '!':0, '!':0, '!':0, '!':0, '!':0, '!':0, '!':0, '!':0, '!':0, '!':0, '!':0, '!':0, '!':0, '!':0, '!':0, '!':0, '!':0, '!':0, '!':0, '!':0, '!':0, '!':0, '!':0, '!':0, '!':0, '!':0, '!':0, '!':0, '!':0, '!':0, '!':0, '!':0, '!':0, '!':0, '':16530, '':99553, '':99885, '':104804 ]
[1712729542] n_remain: 46
[1712729542] eval: [ '':104804 ]
[1712729542] n_past = 613
[1712729542] last: [ '!':0, '!':0, '!':0, '!':0, '!':0, '!':0, '!':0, '!':0, '!':0, '!':0, '!':0, '!':0, '!':0, '!':0, '!':0, '!':0, '!':0, '!':0, '!':0, '!':0, '!':0, '!':0, '!':0, '!':0, '!':0, '!':0, '!':0, '!':0, '!':0, '!':0, '!':0, '!':0, '!':0, '!':0, '!':0, '!':0, '!':0, '!':0, '!':0, '!':0, '!':0, '!':0, '!':0, '!':0, '!':0, '!':0, '!':0, '!':0, '!':0, '!':0, '!':0, '!':0, '!':0, '!':0, '!':0, '!':0, '!':0, '!':0, '!':0, '':16530, '':99553, '':99885, '':104804, '':57191 ]
[1712729542] n_remain: 45
[1712729542] eval: [ '':57191 ]
[1712729542] n_past = 614
[1712729542] last: [ '!':0, '!':0, '!':0, '!':0, '!':0, '!':0, '!':0, '!':0, '!':0, '!':0, '!':0, '!':0, '!':0, '!':0, '!':0, '!':0, '!':0, '!':0, '!':0, '!':0, '!':0, '!':0, '!':0, '!':0, '!':0, '!':0, '!':0, '!':0, '!':0, '!':0, '!':0, '!':0, '!':0, '!':0, '!':0, '!':0, '!':0, '!':0, '!':0, '!':0, '!':0, '!':0, '!':0, '!':0, '!':0, '!':0, '!':0, '!':0, '!':0, '!':0, '!':0, '!':0, '!':0, '!':0, '!':0, '!':0, '!':0, '!':0, '':16530, '':99553, '':99885, '':104804, '':57191, '':101907 ]
[1712729542] n_remain: 44
[1712729542] eval: [ '':101907 ]
[1712729542] n_past = 615
[1712729542] last: [ '!':0, '!':0, '!':0, '!':0, '!':0, '!':0, '!':0, '!':0, '!':0, '!':0, '!':0, '!':0, '!':0, '!':0, '!':0, '!':0, '!':0, '!':0, '!':0, '!':0, '!':0, '!':0, '!':0, '!':0, '!':0, '!':0, '!':0, '!':0, '!':0, '!':0, '!':0, '!':0, '!':0, '!':0, '!':0, '!':0, '!':0, '!':0, '!':0, '!':0, '!':0, '!':0, '!':0, '!':0, '!':0, '!':0, '!':0, '!':0, '!':0, '!':0, '!':0, '!':0, '!':0, '!':0, '!':0, '!':0, '!':0, '':16530, '':99553, '':99885, '':104804, '':57191, '':101907, '':3837 ]
[1712729542] n_remain: 43
[1712729542] eval: [ '':3837 ]
[1712729542] n_past = 616
[1712729542] last: [ '!':0, '!':0, '!':0, '!':0, '!':0, '!':0, '!':0, '!':0, '!':0, '!':0, '!':0, '!':0, '!':0, '!':0, '!':0, '!':0, '!':0, '!':0, '!':0, '!':0, '!':0, '!':0, '!':0, '!':0, '!':0, '!':0, '!':0, '!':0, '!':0, '!':0, '!':0, '!':0, '!':0, '!':0, '!':0, '!':0, '!':0, '!':0, '!':0, '!':0, '!':0, '!':0, '!':0, '!':0, '!':0, '!':0, '!':0, '!':0, '!':0, '!':0, '!':0, '!':0, '!':0, '!':0, '!':0, '!':0, '':16530, '':99553, '':99885, '':104804, '':57191, '':101907, '':3837, '':103972 ]
[1712729542] n_remain: 42
[1712729542] eval: [ '':103972 ]
[1712729542] n_past = 617
[1712729542] last: [ '!':0, '!':0, '!':0, '!':0, '!':0, '!':0, '!':0, '!':0, '!':0, '!':0, '!':0, '!':0, '!':0, '!':0, '!':0, '!':0, '!':0, '!':0, '!':0, '!':0, '!':0, '!':0, '!':0, '!':0, '!':0, '!':0, '!':0, '!':0, '!':0, '!':0, '!':0, '!':0, '!':0, '!':0, '!':0, '!':0, '!':0, '!':0, '!':0, '!':0, '!':0, '!':0, '!':0, '!':0, '!':0, '!':0, '!':0, '!':0, '!':0, '!':0, '!':0, '!':0, '!':0, '!':0, '!':0, '':16530, '':99553, '':99885, '':104804, '':57191, '':101907, '':3837, '':103972, '':16530 ]
[1712729542] n_remain: 41
[1712729542] eval: [ '':16530 ]
[1712729542] n_past = 618
[1712729542] last: [ '!':0, '!':0, '!':0, '!':0, '!':0, '!':0, '!':0, '!':0, '!':0, '!':0, '!':0, '!':0, '!':0, '!':0, '!':0, '!':0, '!':0, '!':0, '!':0, '!':0, '!':0, '!':0, '!':0, '!':0, '!':0, '!':0, '!':0, '!':0, '!':0, '!':0, '!':0, '!':0, '!':0, '!':0, '!':0, '!':0, '!':0, '!':0, '!':0, '!':0, '!':0, '!':0, '!':0, '!':0, '!':0, '!':0, '!':0, '!':0, '!':0, '!':0, '!':0, '!':0, '!':0, '!':0, '':16530, '':99553, '':99885, '':104804, '':57191, '':101907, '':3837, '':103972, '':16530, '':104270 ]
[1712729542] n_remain: 40
[1712729542] eval: [ '':104270 ]
[1712729542] n_past = 619
[1712729542] last: [ '!':0, '!':0, '!':0, '!':0, '!':0, '!':0, '!':0, '!':0, '!':0, '!':0, '!':0, '!':0, '!':0, '!':0, '!':0, '!':0, '!':0, '!':0, '!':0, '!':0, '!':0, '!':0, '!':0, '!':0, '!':0, '!':0, '!':0, '!':0, '!':0, '!':0, '!':0, '!':0, '!':0, '!':0, '!':0, '!':0, '!':0, '!':0, '!':0, '!':0, '!':0, '!':0, '!':0, '!':0, '!':0, '!':0, '!':0, '!':0, '!':0, '!':0, '!':0, '!':0, '!':0, '':16530, '':99553, '':99885, '':104804, '':57191, '':101907, '':3837, '':103972, '':16530, '':104270, '':71817 ]
[1712729542] n_remain: 39
[1712729542] eval: [ '':71817 ]
[1712729542] n_past = 620
[1712729542] last: [ '!':0, '!':0, '!':0, '!':0, '!':0, '!':0, '!':0, '!':0, '!':0, '!':0, '!':0, '!':0, '!':0, '!':0, '!':0, '!':0, '!':0, '!':0, '!':0, '!':0, '!':0, '!':0, '!':0, '!':0, '!':0, '!':0, '!':0, '!':0, '!':0, '!':0, '!':0, '!':0, '!':0, '!':0, '!':0, '!':0, '!':0, '!':0, '!':0, '!':0, '!':0, '!':0, '!':0, '!':0, '!':0, '!':0, '!':0, '!':0, '!':0, '!':0, '!':0, '!':0, '':16530, '':99553, '':99885, '':104804, '':57191, '':101907, '':3837, '':103972, '':16530, '':104270, '':71817, '':116389 ]
[1712729542] n_remain: 38
[1712729542] eval: [ '':116389 ]
[1712729542] n_past = 621
[1712729542] last: [ '!':0, '!':0, '!':0, '!':0, '!':0, '!':0, '!':0, '!':0, '!':0, '!':0, '!':0, '!':0, '!':0, '!':0, '!':0, '!':0, '!':0, '!':0, '!':0, '!':0, '!':0, '!':0, '!':0, '!':0, '!':0, '!':0, '!':0, '!':0, '!':0, '!':0, '!':0, '!':0, '!':0, '!':0, '!':0, '!':0, '!':0, '!':0, '!':0, '!':0, '!':0, '!':0, '!':0, '!':0, '!':0, '!':0, '!':0, '!':0, '!':0, '!':0, '!':0, '':16530, '':99553, '':99885, '':104804, '':57191, '':101907, '':3837, '':103972, '':16530, '':104270, '':71817, '':116389, '':9370 ]
[1712729542] n_remain: 37
[1712729542] eval: [ '':9370 ]
[1712729542] n_past = 622
[1712729542] last: [ '!':0, '!':0, '!':0, '!':0, '!':0, '!':0, '!':0, '!':0, '!':0, '!':0, '!':0, '!':0, '!':0, '!':0, '!':0, '!':0, '!':0, '!':0, '!':0, '!':0, '!':0, '!':0, '!':0, '!':0, '!':0, '!':0, '!':0, '!':0, '!':0, '!':0, '!':0, '!':0, '!':0, '!':0, '!':0, '!':0, '!':0, '!':0, '!':0, '!':0, '!':0, '!':0, '!':0, '!':0, '!':0, '!':0, '!':0, '!':0, '!':0, '!':0, '':16530, '':99553, '':99885, '':104804, '':57191, '':101907, '':3837, '':103972, '':16530, '':104270, '':71817, '':116389, '':9370, '':104804 ]
[1712729542] n_remain: 36
[1712729542] eval: [ '':104804 ]
[1712729542] n_past = 623
[1712729542] last: [ '!':0, '!':0, '!':0, '!':0, '!':0, '!':0, '!':0, '!':0, '!':0, '!':0, '!':0, '!':0, '!':0, '!':0, '!':0, '!':0, '!':0, '!':0, '!':0, '!':0, '!':0, '!':0, '!':0, '!':0, '!':0, '!':0, '!':0, '!':0, '!':0, '!':0, '!':0, '!':0, '!':0, '!':0, '!':0, '!':0, '!':0, '!':0, '!':0, '!':0, '!':0, '!':0, '!':0, '!':0, '!':0, '!':0, '!':0, '!':0, '!':0, '':16530, '':99553, '':99885, '':104804, '':57191, '':101907, '':3837, '':103972, '':16530, '':104270, '':71817, '':116389, '':9370, '':104804, '':57191 ]
[1712729542] n_remain: 35
[1712729542] eval: [ '':57191 ]
[1712729542] n_past = 624
[1712729542] last: [ '!':0, '!':0, '!':0, '!':0, '!':0, '!':0, '!':0, '!':0, '!':0, '!':0, '!':0, '!':0, '!':0, '!':0, '!':0, '!':0, '!':0, '!':0, '!':0, '!':0, '!':0, '!':0, '!':0, '!':0, '!':0, '!':0, '!':0, '!':0, '!':0, '!':0, '!':0, '!':0, '!':0, '!':0, '!':0, '!':0, '!':0, '!':0, '!':0, '!':0, '!':0, '!':0, '!':0, '!':0, '!':0, '!':0, '!':0, '!':0, '':16530, '':99553, '':99885, '':104804, '':57191, '':101907, '':3837, '':103972, '':16530, '':104270, '':71817, '':116389, '':9370, '':104804, '':57191, '':101898 ]
[1712729542] n_remain: 34
[1712729542] eval: [ '':101898 ]
[1712729542] n_past = 625
[1712729542] last: [ '!':0, '!':0, '!':0, '!':0, '!':0, '!':0, '!':0, '!':0, '!':0, '!':0, '!':0, '!':0, '!':0, '!':0, '!':0, '!':0, '!':0, '!':0, '!':0, '!':0, '!':0, '!':0, '!':0, '!':0, '!':0, '!':0, '!':0, '!':0, '!':0, '!':0, '!':0, '!':0, '!':0, '!':0, '!':0, '!':0, '!':0, '!':0, '!':0, '!':0, '!':0, '!':0, '!':0, '!':0, '!':0, '!':0, '!':0, '':16530, '':99553, '':99885, '':104804, '':57191, '':101907, '':3837, '':103972, '':16530, '':104270, '':71817, '':116389, '':9370, '':104804, '':57191, '':101898, '':1773 ]
[1712729542] n_remain: 33
[1712729542] eval: [ '':1773 ]
[1712729542] n_past = 626
[1712729542] last: [ '!':0, '!':0, '!':0, '!':0, '!':0, '!':0, '!':0, '!':0, '!':0, '!':0, '!':0, '!':0, '!':0, '!':0, '!':0, '!':0, '!':0, '!':0, '!':0, '!':0, '!':0, '!':0, '!':0, '!':0, '!':0, '!':0, '!':0, '!':0, '!':0, '!':0, '!':0, '!':0, '!':0, '!':0, '!':0, '!':0, '!':0, '!':0, '!':0, '!':0, '!':0, '!':0, '!':0, '!':0, '!':0, '!':0, '':16530, '':99553, '':99885, '':104804, '':57191, '':101907, '':3837, '':103972, '':16530, '':104270, '':71817, '':116389, '':9370, '':104804, '':57191, '':101898, '':1773, '':151643 ]
[1712729542] n_remain: 32
[1712729542] eval: [ '':151643 ]
[1712729542] n_past = 627
[1712729542] last: [ '!':0, '!':0, '!':0, '!':0, '!':0, '!':0, '!':0, '!':0, '!':0, '!':0, '!':0, '!':0, '!':0, '!':0, '!':0, '!':0, '!':0, '!':0, '!':0, '!':0, '!':0, '!':0, '!':0, '!':0, '!':0, '!':0, '!':0, '!':0, '!':0, '!':0, '!':0, '!':0, '!':0, '!':0, '!':0, '!':0, '!':0, '!':0, '!':0, '!':0, '!':0, '!':0, '!':0, '!':0, '!':0, '':16530, '':99553, '':99885, '':104804, '':57191, '':101907, '':3837, '':103972, '':16530, '':104270, '':71817, '':116389, '':9370, '':104804, '':57191, '':101898, '':1773, '':151643, '':2073 ]
[1712729542] n_remain: 31
[1712729542] eval: [ '':2073 ]
[1712729542] n_past = 628
[1712729542] last: [ '!':0, '!':0, '!':0, '!':0, '!':0, '!':0, '!':0, '!':0, '!':0, '!':0, '!':0, '!':0, '!':0, '!':0, '!':0, '!':0, '!':0, '!':0, '!':0, '!':0, '!':0, '!':0, '!':0, '!':0, '!':0, '!':0, '!':0, '!':0, '!':0, '!':0, '!':0, '!':0, '!':0, '!':0, '!':0, '!':0, '!':0, '!':0, '!':0, '!':0, '!':0, '!':0, '!':0, '!':0, '':16530, '':99553, '':99885, '':104804, '':57191, '':101907, '':3837, '':103972, '':16530, '':104270, '':71817, '':116389, '':9370, '':104804, '':57191, '':101898, '':1773, '':151643, '':2073, '':30534 ]
[1712729542] n_remain: 30
[1712729542] eval: [ '':30534 ]
[1712729542] n_past = 629
[1712729542] last: [ '!':0, '!':0, '!':0, '!':0, '!':0, '!':0, '!':0, '!':0, '!':0, '!':0, '!':0, '!':0, '!':0, '!':0, '!':0, '!':0, '!':0, '!':0, '!':0, '!':0, '!':0, '!':0, '!':0, '!':0, '!':0, '!':0, '!':0, '!':0, '!':0, '!':0, '!':0, '!':0, '!':0, '!':0, '!':0, '!':0, '!':0, '!':0, '!':0, '!':0, '!':0, '!':0, '!':0, '':16530, '':99553, '':99885, '':104804, '':57191, '':101907, '':3837, '':103972, '':16530, '':104270, '':71817, '':116389, '':9370, '':104804, '':57191, '':101898, '':1773, '':151643, '':2073, '':30534, '':101884 ]
[1712729542] n_remain: 29
[1712729542] eval: [ '':101884 ]
[1712729542] n_past = 630
[1712729542] last: [ '!':0, '!':0, '!':0, '!':0, '!':0, '!':0, '!':0, '!':0, '!':0, '!':0, '!':0, '!':0, '!':0, '!':0, '!':0, '!':0, '!':0, '!':0, '!':0, '!':0, '!':0, '!':0, '!':0, '!':0, '!':0, '!':0, '!':0, '!':0, '!':0, '!':0, '!':0, '!':0, '!':0, '!':0, '!':0, '!':0, '!':0, '!':0, '!':0, '!':0, '!':0, '!':0, '':16530, '':99553, '':99885, '':104804, '':57191, '':101907, '':3837, '':103972, '':16530, '':104270, '':71817, '':116389, '':9370, '':104804, '':57191, '':101898, '':1773, '':151643, '':2073, '':30534, '':101884, '':103952 ]
[1712729542] n_remain: 28
[1712729542] eval: [ '':103952 ]
[1712729542] n_past = 631
[1712729542] last: [ '!':0, '!':0, '!':0, '!':0, '!':0, '!':0, '!':0, '!':0, '!':0, '!':0, '!':0, '!':0, '!':0, '!':0, '!':0, '!':0, '!':0, '!':0, '!':0, '!':0, '!':0, '!':0, '!':0, '!':0, '!':0, '!':0, '!':0, '!':0, '!':0, '!':0, '!':0, '!':0, '!':0, '!':0, '!':0, '!':0, '!':0, '!':0, '!':0, '!':0, '!':0, '':16530, '':99553, '':99885, '':104804, '':57191, '':101907, '':3837, '':103972, '':16530, '':104270, '':71817, '':116389, '':9370, '':104804, '':57191, '':101898, '':1773, '':151643, '':2073, '':30534, '':101884, '':103952, '':100160 ]
[1712729542] n_remain: 27
[1712729542] eval: [ '':100160 ]
[1712729542] n_past = 632
[1712729542] last: [ '!':0, '!':0, '!':0, '!':0, '!':0, '!':0, '!':0, '!':0, '!':0, '!':0, '!':0, '!':0, '!':0, '!':0, '!':0, '!':0, '!':0, '!':0, '!':0, '!':0, '!':0, '!':0, '!':0, '!':0, '!':0, '!':0, '!':0, '!':0, '!':0, '!':0, '!':0, '!':0, '!':0, '!':0, '!':0, '!':0, '!':0, '!':0, '!':0, '!':0, '':16530, '':99553, '':99885, '':104804, '':57191, '':101907, '':3837, '':103972, '':16530, '':104270, '':71817, '':116389, '':9370, '':104804, '':57191, '':101898, '':1773, '':151643, '':2073, '':30534, '':101884, '':103952, '':100160, '':3837 ]
[1712729542] n_remain: 26
[1712729542] eval: [ '':3837 ]
[1712729542] n_past = 633
[1712729542] last: [ '!':0, '!':0, '!':0, '!':0, '!':0, '!':0, '!':0, '!':0, '!':0, '!':0, '!':0, '!':0, '!':0, '!':0, '!':0, '!':0, '!':0, '!':0, '!':0, '!':0, '!':0, '!':0, '!':0, '!':0, '!':0, '!':0, '!':0, '!':0, '!':0, '!':0, '!':0, '!':0, '!':0, '!':0, '!':0, '!':0, '!':0, '!':0, '!':0, '':16530, '':99553, '':99885, '':104804, '':57191, '':101907, '':3837, '':103972, '':16530, '':104270, '':71817, '':116389, '':9370, '':104804, '':57191, '':101898, '':1773, '':151643, '':2073, '':30534, '':101884, '':103952, '':100160, '':3837, '':97639 ]
[1712729542] n_remain: 25
[1712729542] eval: [ '':97639 ]
[1712729542] n_past = 634
[1712729542] last: [ '!':0, '!':0, '!':0, '!':0, '!':0, '!':0, '!':0, '!':0, '!':0, '!':0, '!':0, '!':0, '!':0, '!':0, '!':0, '!':0, '!':0, '!':0, '!':0, '!':0, '!':0, '!':0, '!':0, '!':0, '!':0, '!':0, '!':0, '!':0, '!':0, '!':0, '!':0, '!':0, '!':0, '!':0, '!':0, '!':0, '!':0, '!':0, '':16530, '':99553, '':99885, '':104804, '':57191, '':101907, '':3837, '':103972, '':16530, '':104270, '':71817, '':116389, '':9370, '':104804, '':57191, '':101898, '':1773, '':151643, '':2073, '':30534, '':101884, '':103952, '':100160, '':3837, '':97639, '':102416 ]
[1712729542] n_remain: 24
[1712729542] eval: [ '':102416 ]
[1712729542] n_past = 635
[1712729542] last: [ '!':0, '!':0, '!':0, '!':0, '!':0, '!':0, '!':0, '!':0, '!':0, '!':0, '!':0, '!':0, '!':0, '!':0, '!':0, '!':0, '!':0, '!':0, '!':0, '!':0, '!':0, '!':0, '!':0, '!':0, '!':0, '!':0, '!':0, '!':0, '!':0, '!':0, '!':0, '!':0, '!':0, '!':0, '!':0, '!':0, '!':0, '':16530, '':99553, '':99885, '':104804, '':57191, '':101907, '':3837, '':103972, '':16530, '':104270, '':71817, '':116389, '':9370, '':104804, '':57191, '':101898, '':1773, '':151643, '':2073, '':30534, '':101884, '':103952, '':100160, '':3837, '':97639, '':102416, '':102759 ]
[1712729542] n_remain: 23
[1712729542] eval: [ '':102759 ]
[1712729542] n_past = 636
[1712729542] last: [ '!':0, '!':0, '!':0, '!':0, '!':0, '!':0, '!':0, '!':0, '!':0, '!':0, '!':0, '!':0, '!':0, '!':0, '!':0, '!':0, '!':0, '!':0, '!':0, '!':0, '!':0, '!':0, '!':0, '!':0, '!':0, '!':0, '!':0, '!':0, '!':0, '!':0, '!':0, '!':0, '!':0, '!':0, '!':0, '!':0, '':16530, '':99553, '':99885, '':104804, '':57191, '':101907, '':3837, '':103972, '':16530, '':104270, '':71817, '':116389, '':9370, '':104804, '':57191, '':101898, '':1773, '':151643, '':2073, '':30534, '':101884, '':103952, '':100160, '':3837, '':97639, '':102416, '':102759, '':106307 ]
[1712729542] n_remain: 22
[1712729542] eval: [ '':106307 ]
[1712729542] n_past = 637
[1712729542] last: [ '!':0, '!':0, '!':0, '!':0, '!':0, '!':0, '!':0, '!':0, '!':0, '!':0, '!':0, '!':0, '!':0, '!':0, '!':0, '!':0, '!':0, '!':0, '!':0, '!':0, '!':0, '!':0, '!':0, '!':0, '!':0, '!':0, '!':0, '!':0, '!':0, '!':0, '!':0, '!':0, '!':0, '!':0, '!':0, '':16530, '':99553, '':99885, '':104804, '':57191, '':101907, '':3837, '':103972, '':16530, '':104270, '':71817, '':116389, '':9370, '':104804, '':57191, '':101898, '':1773, '':151643, '':2073, '':30534, '':101884, '':103952, '':100160, '':3837, '':97639, '':102416, '':102759, '':106307, '':1773 ]
[1712729542] n_remain: 21
[1712729542] eval: [ '':1773 ]
[1712729542] n_past = 638
[1712729542] last: [ '!':0, '!':0, '!':0, '!':0, '!':0, '!':0, '!':0, '!':0, '!':0, '!':0, '!':0, '!':0, '!':0, '!':0, '!':0, '!':0, '!':0, '!':0, '!':0, '!':0, '!':0, '!':0, '!':0, '!':0, '!':0, '!':0, '!':0, '!':0, '!':0, '!':0, '!':0, '!':0, '!':0, '!':0, '':16530, '':99553, '':99885, '':104804, '':57191, '':101907, '':3837, '':103972, '':16530, '':104270, '':71817, '':116389, '':9370, '':104804, '':57191, '':101898, '':1773, '':151643, '':2073, '':30534, '':101884, '':103952, '':100160, '':3837, '':97639, '':102416, '':102759, '':106307, '':1773, '':18493 ]
[1712729542] n_remain: 20
[1712729542] eval: [ '':18493 ]
[1712729542] n_past = 639
[1712729542] last: [ '!':0, '!':0, '!':0, '!':0, '!':0, '!':0, '!':0, '!':0, '!':0, '!':0, '!':0, '!':0, '!':0, '!':0, '!':0, '!':0, '!':0, '!':0, '!':0, '!':0, '!':0, '!':0, '!':0, '!':0, '!':0, '!':0, '!':0, '!':0, '!':0, '!':0, '!':0, '!':0, '!':0, '':16530, '':99553, '':99885, '':104804, '':57191, '':101907, '':3837, '':103972, '':16530, '':104270, '':71817, '':116389, '':9370, '':104804, '':57191, '':101898, '':1773, '':151643, '':2073, '':30534, '':101884, '':103952, '':100160, '':3837, '':97639, '':102416, '':102759, '':106307, '':1773, '':18493, '':97639 ]
[1712729542] n_remain: 19
[1712729542] eval: [ '':97639 ]
[1712729542] n_past = 640
[1712729542] last: [ '!':0, '!':0, '!':0, '!':0, '!':0, '!':0, '!':0, '!':0, '!':0, '!':0, '!':0, '!':0, '!':0, '!':0, '!':0, '!':0, '!':0, '!':0, '!':0, '!':0, '!':0, '!':0, '!':0, '!':0, '!':0, '!':0, '!':0, '!':0, '!':0, '!':0, '!':0, '!':0, '':16530, '':99553, '':99885, '':104804, '':57191, '':101907, '':3837, '':103972, '':16530, '':104270, '':71817, '':116389, '':9370, '':104804, '':57191, '':101898, '':1773, '':151643, '':2073, '':30534, '':101884, '':103952, '':100160, '':3837, '':97639, '':102416, '':102759, '':106307, '':1773, '':18493, '':97639, '':31838 ]
[1712729542] n_remain: 18
[1712729542] context full, swapping: n_past = 640, n_left = 73, n_ctx = 640, n_keep = 567, n_discard = 36
[1712729542] after swap: n_past = 604, n_past_guidance = 0
[1712729542] embd: [ '':31838 ]
[1712729542] clear session path
[1712729542] eval: [ '':31838 ]
[1712729542] n_past = 605
[1712729542] last: [ '!':0, '!':0, '!':0, '!':0, '!':0, '!':0, '!':0, '!':0, '!':0, '!':0, '!':0, '!':0, '!':0, '!':0, '!':0, '!':0, '!':0, '!':0, '!':0, '!':0, '!':0, '!':0, '!':0, '!':0, '!':0, '!':0, '!':0, '!':0, '!':0, '!':0, '!':0, '':16530, '':99553, '':99885, '':104804, '':57191, '':101907, '':3837, '':103972, '':16530, '':104270, '':71817, '':116389, '':9370, '':104804, '':57191, '':101898, '':1773, '':151643, '':2073, '':30534, '':101884, '':103952, '':100160, '':3837, '':97639, '':102416, '':102759, '':106307, '':1773, '':18493, '':97639, '':31838, '':44290 ]
[1712729542] n_remain: 17
[1712729542] eval: [ '':44290 ]
[1712729542] n_past = 606
[1712729542] last: [ '!':0, '!':0, '!':0, '!':0, '!':0, '!':0, '!':0, '!':0, '!':0, '!':0, '!':0, '!':0, '!':0, '!':0, '!':0, '!':0, '!':0, '!':0, '!':0, '!':0, '!':0, '!':0, '!':0, '!':0, '!':0, '!':0, '!':0, '!':0, '!':0, '!':0, '':16530, '':99553, '':99885, '':104804, '':57191, '':101907, '':3837, '':103972, '':16530, '':104270, '':71817, '':116389, '':9370, '':104804, '':57191, '':101898, '':1773, '':151643, '':2073, '':30534, '':101884, '':103952, '':100160, '':3837, '':97639, '':102416, '':102759, '':106307, '':1773, '':18493, '':97639, '':31838, '':44290, '':9370 ]
[1712729542] n_remain: 16
[1712729542] eval: [ '':9370 ]
[1712729542] n_past = 607
[1712729542] last: [ '!':0, '!':0, '!':0, '!':0, '!':0, '!':0, '!':0, '!':0, '!':0, '!':0, '!':0, '!':0, '!':0, '!':0, '!':0, '!':0, '!':0, '!':0, '!':0, '!':0, '!':0, '!':0, '!':0, '!':0, '!':0, '!':0, '!':0, '!':0, '!':0, '':16530, '':99553, '':99885, '':104804, '':57191, '':101907, '':3837, '':103972, '':16530, '':104270, '':71817, '':116389, '':9370, '':104804, '':57191, '':101898, '':1773, '':151643, '':2073, '':30534, '':101884, '':103952, '':100160, '':3837, '':97639, '':102416, '':102759, '':106307, '':1773, '':18493, '':97639, '':31838, '':44290, '':9370, '':117768 ]
[1712729542] n_remain: 15
[1712729542] eval: [ '':117768 ]
[1712729542] n_past = 608
[1712729542] last: [ '!':0, '!':0, '!':0, '!':0, '!':0, '!':0, '!':0, '!':0, '!':0, '!':0, '!':0, '!':0, '!':0, '!':0, '!':0, '!':0, '!':0, '!':0, '!':0, '!':0, '!':0, '!':0, '!':0, '!':0, '!':0, '!':0, '!':0, '!':0, '':16530, '':99553, '':99885, '':104804, '':57191, '':101907, '':3837, '':103972, '':16530, '':104270, '':71817, '':116389, '':9370, '':104804, '':57191, '':101898, '':1773, '':151643, '':2073, '':30534, '':101884, '':103952, '':100160, '':3837, '':97639, '':102416, '':102759, '':106307, '':1773, '':18493, '':97639, '':31838, '':44290, '':9370, '':117768, '':3837 ]
[1712729542] n_remain: 14
[1712729542] eval: [ '':3837 ]
[1712729542] n_past = 609
[1712729542] last: [ '!':0, '!':0, '!':0, '!':0, '!':0, '!':0, '!':0, '!':0, '!':0, '!':0, '!':0, '!':0, '!':0, '!':0, '!':0, '!':0, '!':0, '!':0, '!':0, '!':0, '!':0, '!':0, '!':0, '!':0, '!':0, '!':0, '!':0, '':16530, '':99553, '':99885, '':104804, '':57191, '':101907, '':3837, '':103972, '':16530, '':104270, '':71817, '':116389, '':9370, '':104804, '':57191, '':101898, '':1773, '':151643, '':2073, '':30534, '':101884, '':103952, '':100160, '':3837, '':97639, '':102416, '':102759, '':106307, '':1773, '':18493, '':97639, '':31838, '':44290, '':9370, '':117768, '':3837, '':80443 ]
[1712729542] n_remain: 13
[1712729542] eval: [ '':80443 ]
[1712729542] n_past = 610
[1712729542] last: [ '!':0, '!':0, '!':0, '!':0, '!':0, '!':0, '!':0, '!':0, '!':0, '!':0, '!':0, '!':0, '!':0, '!':0, '!':0, '!':0, '!':0, '!':0, '!':0, '!':0, '!':0, '!':0, '!':0, '!':0, '!':0, '!':0, '':16530, '':99553, '':99885, '':104804, '':57191, '':101907, '':3837, '':103972, '':16530, '':104270, '':71817, '':116389, '':9370, '':104804, '':57191, '':101898, '':1773, '':151643, '':2073, '':30534, '':101884, '':103952, '':100160, '':3837, '':97639, '':102416, '':102759, '':106307, '':1773, '':18493, '':97639, '':31838, '':44290, '':9370, '':117768, '':3837, '':80443, '':106307 ]
[1712729542] n_remain: 12
[1712729542] eval: [ '':106307 ]
[1712729542] n_past = 611
[1712729542] last: [ '!':0, '!':0, '!':0, '!':0, '!':0, '!':0, '!':0, '!':0, '!':0, '!':0, '!':0, '!':0, '!':0, '!':0, '!':0, '!':0, '!':0, '!':0, '!':0, '!':0, '!':0, '!':0, '!':0, '!':0, '!':0, '':16530, '':99553, '':99885, '':104804, '':57191, '':101907, '':3837, '':103972, '':16530, '':104270, '':71817, '':116389, '':9370, '':104804, '':57191, '':101898, '':1773, '':151643, '':2073, '':30534, '':101884, '':103952, '':100160, '':3837, '':97639, '':102416, '':102759, '':106307, '':1773, '':18493, '':97639, '':31838, '':44290, '':9370, '':117768, '':3837, '':80443, '':106307, '':3837 ]
[1712729542] n_remain: 11
[1712729542] eval: [ '':3837 ]
[1712729542] n_past = 612
[1712729542] last: [ '!':0, '!':0, '!':0, '!':0, '!':0, '!':0, '!':0, '!':0, '!':0, '!':0, '!':0, '!':0, '!':0, '!':0, '!':0, '!':0, '!':0, '!':0, '!':0, '!':0, '!':0, '!':0, '!':0, '!':0, '':16530, '':99553, '':99885, '':104804, '':57191, '':101907, '':3837, '':103972, '':16530, '':104270, '':71817, '':116389, '':9370, '':104804, '':57191, '':101898, '':1773, '':151643, '':2073, '':30534, '':101884, '':103952, '':100160, '':3837, '':97639, '':102416, '':102759, '':106307, '':1773, '':18493, '':97639, '':31838, '':44290, '':9370, '':117768, '':3837, '':80443, '':106307, '':3837, '':56568 ]
[1712729542] n_remain: 10
[1712729542] eval: [ '':56568 ]
[1712729542] n_past = 613
[1712729542] last: [ '!':0, '!':0, '!':0, '!':0, '!':0, '!':0, '!':0, '!':0, '!':0, '!':0, '!':0, '!':0, '!':0, '!':0, '!':0, '!':0, '!':0, '!':0, '!':0, '!':0, '!':0, '!':0, '!':0, '':16530, '':99553, '':99885, '':104804, '':57191, '':101907, '':3837, '':103972, '':16530, '':104270, '':71817, '':116389, '':9370, '':104804, '':57191, '':101898, '':1773, '':151643, '':2073, '':30534, '':101884, '':103952, '':100160, '':3837, '':97639, '':102416, '':102759, '':106307, '':1773, '':18493, '':97639, '':31838, '':44290, '':9370, '':117768, '':3837, '':80443, '':106307, '':3837, '':56568, '':102099 ]
[1712729542] n_remain: 9
[1712729542] eval: [ '':102099 ]
[1712729542] n_past = 614
[1712729542] last: [ '!':0, '!':0, '!':0, '!':0, '!':0, '!':0, '!':0, '!':0, '!':0, '!':0, '!':0, '!':0, '!':0, '!':0, '!':0, '!':0, '!':0, '!':0, '!':0, '!':0, '!':0, '!':0, '':16530, '':99553, '':99885, '':104804, '':57191, '':101907, '':3837, '':103972, '':16530, '':104270, '':71817, '':116389, '':9370, '':104804, '':57191, '':101898, '':1773, '':151643, '':2073, '':30534, '':101884, '':103952, '':100160, '':3837, '':97639, '':102416, '':102759, '':106307, '':1773, '':18493, '':97639, '':31838, '':44290, '':9370, '':117768, '':3837, '':80443, '':106307, '':3837, '':56568, '':102099, '':101068 ]
[1712729542] n_remain: 8
[1712729542] eval: [ '':101068 ]
[1712729542] n_past = 615
[1712729542] last: [ '!':0, '!':0, '!':0, '!':0, '!':0, '!':0, '!':0, '!':0, '!':0, '!':0, '!':0, '!':0, '!':0, '!':0, '!':0, '!':0, '!':0, '!':0, '!':0, '!':0, '!':0, '':16530, '':99553, '':99885, '':104804, '':57191, '':101907, '':3837, '':103972, '':16530, '':104270, '':71817, '':116389, '':9370, '':104804, '':57191, '':101898, '':1773, '':151643, '':2073, '':30534, '':101884, '':103952, '':100160, '':3837, '':97639, '':102416, '':102759, '':106307, '':1773, '':18493, '':97639, '':31838, '':44290, '':9370, '':117768, '':3837, '':80443, '':106307, '':3837, '':56568, '':102099, '':101068, '':100690 ]
[1712729542] n_remain: 7
[1712729542] eval: [ '':100690 ]
[1712729542] n_past = 616
[1712729542] last: [ '!':0, '!':0, '!':0, '!':0, '!':0, '!':0, '!':0, '!':0, '!':0, '!':0, '!':0, '!':0, '!':0, '!':0, '!':0, '!':0, '!':0, '!':0, '!':0, '!':0, '':16530, '':99553, '':99885, '':104804, '':57191, '':101907, '':3837, '':103972, '':16530, '':104270, '':71817, '':116389, '':9370, '':104804, '':57191, '':101898, '':1773, '':151643, '':2073, '':30534, '':101884, '':103952, '':100160, '':3837, '':97639, '':102416, '':102759, '':106307, '':1773, '':18493, '':97639, '':31838, '':44290, '':9370, '':117768, '':3837, '':80443, '':106307, '':3837, '':56568, '':102099, '':101068, '':100690, '':29490 ]
[1712729542] n_remain: 6
[1712729542] eval: [ '':29490 ]
[1712729542] n_past = 617
[1712729542] last: [ '!':0, '!':0, '!':0, '!':0, '!':0, '!':0, '!':0, '!':0, '!':0, '!':0, '!':0, '!':0, '!':0, '!':0, '!':0, '!':0, '!':0, '!':0, '!':0, '':16530, '':99553, '':99885, '':104804, '':57191, '':101907, '':3837, '':103972, '':16530, '':104270, '':71817, '':116389, '':9370, '':104804, '':57191, '':101898, '':1773, '':151643, '':2073, '':30534, '':101884, '':103952, '':100160, '':3837, '':97639, '':102416, '':102759, '':106307, '':1773, '':18493, '':97639, '':31838, '':44290, '':9370, '':117768, '':3837, '':80443, '':106307, '':3837, '':56568, '':102099, '':101068, '':100690, '':29490, '':101128 ]
[1712729542] n_remain: 5
[1712729542] eval: [ '':101128 ]
[1712729542] n_past = 618
[1712729542] last: [ '!':0, '!':0, '!':0, '!':0, '!':0, '!':0, '!':0, '!':0, '!':0, '!':0, '!':0, '!':0, '!':0, '!':0, '!':0, '!':0, '!':0, '!':0, '':16530, '':99553, '':99885, '':104804, '':57191, '':101907, '':3837, '':103972, '':16530, '':104270, '':71817, '':116389, '':9370, '':104804, '':57191, '':101898, '':1773, '':151643, '':2073, '':30534, '':101884, '':103952, '':100160, '':3837, '':97639, '':102416, '':102759, '':106307, '':1773, '':18493, '':97639, '':31838, '':44290, '':9370, '':117768, '':3837, '':80443, '':106307, '':3837, '':56568, '':102099, '':101068, '':100690, '':29490, '':101128, '':99916 ]
[1712729542] n_remain: 4
[1712729542] eval: [ '':99916 ]
[1712729542] n_past = 619
[1712729542] last: [ '!':0, '!':0, '!':0, '!':0, '!':0, '!':0, '!':0, '!':0, '!':0, '!':0, '!':0, '!':0, '!':0, '!':0, '!':0, '!':0, '!':0, '':16530, '':99553, '':99885, '':104804, '':57191, '':101907, '':3837, '':103972, '':16530, '':104270, '':71817, '':116389, '':9370, '':104804, '':57191, '':101898, '':1773, '':151643, '':2073, '':30534, '':101884, '':103952, '':100160, '':3837, '':97639, '':102416, '':102759, '':106307, '':1773, '':18493, '':97639, '':31838, '':44290, '':9370, '':117768, '':3837, '':80443, '':106307, '':3837, '':56568, '':102099, '':101068, '':100690, '':29490, '':101128, '':99916, '':110907 ]
[1712729542] n_remain: 3
[1712729542] eval: [ '':110907 ]
[1712729542] n_past = 620
[1712729542] last: [ '!':0, '!':0, '!':0, '!':0, '!':0, '!':0, '!':0, '!':0, '!':0, '!':0, '!':0, '!':0, '!':0, '!':0, '!':0, '!':0, '':16530, '':99553, '':99885, '':104804, '':57191, '':101907, '':3837, '':103972, '':16530, '':104270, '':71817, '':116389, '':9370, '':104804, '':57191, '':101898, '':1773, '':151643, '':2073, '':30534, '':101884, '':103952, '':100160, '':3837, '':97639, '':102416, '':102759, '':106307, '':1773, '':18493, '':97639, '':31838, '':44290, '':9370, '':117768, '':3837, '':80443, '':106307, '':3837, '':56568, '':102099, '':101068, '':100690, '':29490, '':101128, '':99916, '':110907, '':32945 ]
[1712729542] n_remain: 2
[1712729542] eval: [ '':32945 ]
[1712729542] n_past = 621
[1712729542] last: [ '!':0, '!':0, '!':0, '!':0, '!':0, '!':0, '!':0, '!':0, '!':0, '!':0, '!':0, '!':0, '!':0, '!':0, '!':0, '':16530, '':99553, '':99885, '':104804, '':57191, '':101907, '':3837, '':103972, '':16530, '':104270, '':71817, '':116389, '':9370, '':104804, '':57191, '':101898, '':1773, '':151643, '':2073, '':30534, '':101884, '':103952, '':100160, '':3837, '':97639, '':102416, '':102759, '':106307, '':1773, '':18493, '':97639, '':31838, '':44290, '':9370, '':117768, '':3837, '':80443, '':106307, '':3837, '':56568, '':102099, '':101068, '':100690, '':29490, '':101128, '':99916, '':110907, '':32945, '':198 ]
[1712729542] n_remain: 1
[1712729542] eval: [ '':198 ]
[1712729542] n_past = 622
[1712729542] last: [ '!':0, '!':0, '!':0, '!':0, '!':0, '!':0, '!':0, '!':0, '!':0, '!':0, '!':0, '!':0, '!':0, '!':0, '':16530, '':99553, '':99885, '':104804, '':57191, '':101907, '':3837, '':103972, '':16530, '':104270, '':71817, '':116389, '':9370, '':104804, '':57191, '':101898, '':1773, '':151643, '':2073, '':30534, '':101884, '':103952, '':100160, '':3837, '':97639, '':102416, '':102759, '':106307, '':1773, '':18493, '':97639, '':31838, '':44290, '':9370, '':117768, '':3837, '':80443, '':106307, '':3837, '':56568, '':102099, '':101068, '':100690, '':29490, '':101128, '':99916, '':110907, '':32945, '':198, '':2073 ]
[1712729542] n_remain: 0
[1712729542] eval: [ '':2073 ]
[1712729542] n_past = 623
[1712729542] embd_inp.size(): 567, n_consumed: 567
[1712729542] waiting for user input
[1712729543] empty line, passing control back
[1712729543] last: [ '!':0, '!':0, '!':0, '!':0, '!':0, '!':0, '!':0, '!':0, '!':0, '!':0, '!':0, '!':0, '!':0, '!':0, '!':0, '!':0, '!':0, '!':0, '!':0, '!':0, '!':0, '!':0, '!':0, '!':0, '!':0, '!':0, '!':0, '!':0, '!':0, '!':0, '!':0, '!':0, '!':0, '!':0, '!':0, '!':0, '!':0, '!':0, '!':0, '!':0, '!':0, '!':0, '!':0, '!':0, '!':0, '!':0, '!':0, '!':0, '!':0, '!':0, '!':0, '!':0, '!':0, '!':0, '!':0, '!':0, '!':0, '!':0, '!':0, '!':0, '!':0, '!':0, '!':0, '':97639 ]
[1712729543] n_remain: 49
[1712729543] eval: [ '':97639 ]
[1712729543] n_past = 624
[1712729543] last: [ '!':0, '!':0, '!':0, '!':0, '!':0, '!':0, '!':0, '!':0, '!':0, '!':0, '!':0, '!':0, '!':0, '!':0, '!':0, '!':0, '!':0, '!':0, '!':0, '!':0, '!':0, '!':0, '!':0, '!':0, '!':0, '!':0, '!':0, '!':0, '!':0, '!':0, '!':0, '!':0, '!':0, '!':0, '!':0, '!':0, '!':0, '!':0, '!':0, '!':0, '!':0, '!':0, '!':0, '!':0, '!':0, '!':0, '!':0, '!':0, '!':0, '!':0, '!':0, '!':0, '!':0, '!':0, '!':0, '!':0, '!':0, '!':0, '!':0, '!':0, '!':0, '!':0, '':97639, '':99491 ]
[1712729543] n_remain: 48
[1712729543] eval: [ '':99491 ]
[1712729543] n_past = 625
[1712729543] last: [ '!':0, '!':0, '!':0, '!':0, '!':0, '!':0, '!':0, '!':0, '!':0, '!':0, '!':0, '!':0, '!':0, '!':0, '!':0, '!':0, '!':0, '!':0, '!':0, '!':0, '!':0, '!':0, '!':0, '!':0, '!':0, '!':0, '!':0, '!':0, '!':0, '!':0, '!':0, '!':0, '!':0, '!':0, '!':0, '!':0, '!':0, '!':0, '!':0, '!':0, '!':0, '!':0, '!':0, '!':0, '!':0, '!':0, '!':0, '!':0, '!':0, '!':0, '!':0, '!':0, '!':0, '!':0, '!':0, '!':0, '!':0, '!':0, '!':0, '!':0, '!':0, '':97639, '':99491, '':106821 ]
[1712729543] n_remain: 47
[1712729543] eval: [ '':106821 ]
[1712729543] n_past = 626
[1712729543] last: [ '!':0, '!':0, '!':0, '!':0, '!':0, '!':0, '!':0, '!':0, '!':0, '!':0, '!':0, '!':0, '!':0, '!':0, '!':0, '!':0, '!':0, '!':0, '!':0, '!':0, '!':0, '!':0, '!':0, '!':0, '!':0, '!':0, '!':0, '!':0, '!':0, '!':0, '!':0, '!':0, '!':0, '!':0, '!':0, '!':0, '!':0, '!':0, '!':0, '!':0, '!':0, '!':0, '!':0, '!':0, '!':0, '!':0, '!':0, '!':0, '!':0, '!':0, '!':0, '!':0, '!':0, '!':0, '!':0, '!':0, '!':0, '!':0, '!':0, '!':0, '':97639, '':99491, '':106821, '':17714 ]
[1712729543] n_remain: 46
[1712729543] eval: [ '':17714 ]
[1712729543] n_past = 627
[1712729543] last: [ '!':0, '!':0, '!':0, '!':0, '!':0, '!':0, '!':0, '!':0, '!':0, '!':0, '!':0, '!':0, '!':0, '!':0, '!':0, '!':0, '!':0, '!':0, '!':0, '!':0, '!':0, '!':0, '!':0, '!':0, '!':0, '!':0, '!':0, '!':0, '!':0, '!':0, '!':0, '!':0, '!':0, '!':0, '!':0, '!':0, '!':0, '!':0, '!':0, '!':0, '!':0, '!':0, '!':0, '!':0, '!':0, '!':0, '!':0, '!':0, '!':0, '!':0, '!':0, '!':0, '!':0, '!':0, '!':0, '!':0, '!':0, '!':0, '!':0, '':97639, '':99491, '':106821, '':17714, '':113887 ]
[1712729543] n_remain: 45
[1712729543] eval: [ '':113887 ]
[1712729543] n_past = 628
[1712729543] last: [ '!':0, '!':0, '!':0, '!':0, '!':0, '!':0, '!':0, '!':0, '!':0, '!':0, '!':0, '!':0, '!':0, '!':0, '!':0, '!':0, '!':0, '!':0, '!':0, '!':0, '!':0, '!':0, '!':0, '!':0, '!':0, '!':0, '!':0, '!':0, '!':0, '!':0, '!':0, '!':0, '!':0, '!':0, '!':0, '!':0, '!':0, '!':0, '!':0, '!':0, '!':0, '!':0, '!':0, '!':0, '!':0, '!':0, '!':0, '!':0, '!':0, '!':0, '!':0, '!':0, '!':0, '!':0, '!':0, '!':0, '!':0, '!':0, '':97639, '':99491, '':106821, '':17714, '':113887, '':100641 ]
[1712729543] n_remain: 44
[1712729543] eval: [ '':100641 ]
[1712729543] n_past = 629
[1712729543] last: [ '!':0, '!':0, '!':0, '!':0, '!':0, '!':0, '!':0, '!':0, '!':0, '!':0, '!':0, '!':0, '!':0, '!':0, '!':0, '!':0, '!':0, '!':0, '!':0, '!':0, '!':0, '!':0, '!':0, '!':0, '!':0, '!':0, '!':0, '!':0, '!':0, '!':0, '!':0, '!':0, '!':0, '!':0, '!':0, '!':0, '!':0, '!':0, '!':0, '!':0, '!':0, '!':0, '!':0, '!':0, '!':0, '!':0, '!':0, '!':0, '!':0, '!':0, '!':0, '!':0, '!':0, '!':0, '!':0, '!':0, '!':0, '':97639, '':99491, '':106821, '':17714, '':113887, '':100641, '':33126 ]
[1712729543] n_remain: 43
[1712729543] eval: [ '':33126 ]
[1712729543] n_past = 630
[1712729543] last: [ '!':0, '!':0, '!':0, '!':0, '!':0, '!':0, '!':0, '!':0, '!':0, '!':0, '!':0, '!':0, '!':0, '!':0, '!':0, '!':0, '!':0, '!':0, '!':0, '!':0, '!':0, '!':0, '!':0, '!':0, '!':0, '!':0, '!':0, '!':0, '!':0, '!':0, '!':0, '!':0, '!':0, '!':0, '!':0, '!':0, '!':0, '!':0, '!':0, '!':0, '!':0, '!':0, '!':0, '!':0, '!':0, '!':0, '!':0, '!':0, '!':0, '!':0, '!':0, '!':0, '!':0, '!':0, '!':0, '!':0, '':97639, '':99491, '':106821, '':17714, '':113887, '':100641, '':33126, '':100168 ]
[1712729543] n_remain: 42
[1712729543] eval: [ '':100168 ]
[1712729543] n_past = 631
[1712729543] last: [ '!':0, '!':0, '!':0, '!':0, '!':0, '!':0, '!':0, '!':0, '!':0, '!':0, '!':0, '!':0, '!':0, '!':0, '!':0, '!':0, '!':0, '!':0, '!':0, '!':0, '!':0, '!':0, '!':0, '!':0, '!':0, '!':0, '!':0, '!':0, '!':0, '!':0, '!':0, '!':0, '!':0, '!':0, '!':0, '!':0, '!':0, '!':0, '!':0, '!':0, '!':0, '!':0, '!':0, '!':0, '!':0, '!':0, '!':0, '!':0, '!':0, '!':0, '!':0, '!':0, '!':0, '!':0, '!':0, '':97639, '':99491, '':106821, '':17714, '':113887, '':100641, '':33126, '':100168, '':9370 ]
[1712729543] n_remain: 41
[1712729543] eval: [ '':9370 ]
[1712729543] n_past = 632
[1712729543] last: [ '!':0, '!':0, '!':0, '!':0, '!':0, '!':0, '!':0, '!':0, '!':0, '!':0, '!':0, '!':0, '!':0, '!':0, '!':0, '!':0, '!':0, '!':0, '!':0, '!':0, '!':0, '!':0, '!':0, '!':0, '!':0, '!':0, '!':0, '!':0, '!':0, '!':0, '!':0, '!':0, '!':0, '!':0, '!':0, '!':0, '!':0, '!':0, '!':0, '!':0, '!':0, '!':0, '!':0, '!':0, '!':0, '!':0, '!':0, '!':0, '!':0, '!':0, '!':0, '!':0, '!':0, '!':0, '':97639, '':99491, '':106821, '':17714, '':113887, '':100641, '':33126, '':100168, '':9370, '':72448 ]
[1712729543] n_remain: 40
[1712729543] eval: [ '':72448 ]
[1712729543] n_past = 633
[1712729543] last: [ '!':0, '!':0, '!':0, '!':0, '!':0, '!':0, '!':0, '!':0, '!':0, '!':0, '!':0, '!':0, '!':0, '!':0, '!':0, '!':0, '!':0, '!':0, '!':0, '!':0, '!':0, '!':0, '!':0, '!':0, '!':0, '!':0, '!':0, '!':0, '!':0, '!':0, '!':0, '!':0, '!':0, '!':0, '!':0, '!':0, '!':0, '!':0, '!':0, '!':0, '!':0, '!':0, '!':0, '!':0, '!':0, '!':0, '!':0, '!':0, '!':0, '!':0, '!':0, '!':0, '!':0, '':97639, '':99491, '':106821, '':17714, '':113887, '':100641, '':33126, '':100168, '':9370, '':72448, '':3837 ]
[1712729543] n_remain: 39
[1712729543] eval: [ '':3837 ]
[1712729543] n_past = 634
[1712729543] last: [ '!':0, '!':0, '!':0, '!':0, '!':0, '!':0, '!':0, '!':0, '!':0, '!':0, '!':0, '!':0, '!':0, '!':0, '!':0, '!':0, '!':0, '!':0, '!':0, '!':0, '!':0, '!':0, '!':0, '!':0, '!':0, '!':0, '!':0, '!':0, '!':0, '!':0, '!':0, '!':0, '!':0, '!':0, '!':0, '!':0, '!':0, '!':0, '!':0, '!':0, '!':0, '!':0, '!':0, '!':0, '!':0, '!':0, '!':0, '!':0, '!':0, '!':0, '!':0, '!':0, '':97639, '':99491, '':106821, '':17714, '':113887, '':100641, '':33126, '':100168, '':9370, '':72448, '':3837, '':23031 ]
[1712729543] n_remain: 38
[1712729543] eval: [ '':23031 ]
[1712729543] n_past = 635
[1712729543] last: [ '!':0, '!':0, '!':0, '!':0, '!':0, '!':0, '!':0, '!':0, '!':0, '!':0, '!':0, '!':0, '!':0, '!':0, '!':0, '!':0, '!':0, '!':0, '!':0, '!':0, '!':0, '!':0, '!':0, '!':0, '!':0, '!':0, '!':0, '!':0, '!':0, '!':0, '!':0, '!':0, '!':0, '!':0, '!':0, '!':0, '!':0, '!':0, '!':0, '!':0, '!':0, '!':0, '!':0, '!':0, '!':0, '!':0, '!':0, '!':0, '!':0, '!':0, '!':0, '':97639, '':99491, '':106821, '':17714, '':113887, '':100641, '':33126, '':100168, '':9370, '':72448, '':3837, '':23031, '':102989 ]
[1712729543] n_remain: 37
[1712729543] eval: [ '':102989 ]
[1712729543] n_past = 636
[1712729543] last: [ '!':0, '!':0, '!':0, '!':0, '!':0, '!':0, '!':0, '!':0, '!':0, '!':0, '!':0, '!':0, '!':0, '!':0, '!':0, '!':0, '!':0, '!':0, '!':0, '!':0, '!':0, '!':0, '!':0, '!':0, '!':0, '!':0, '!':0, '!':0, '!':0, '!':0, '!':0, '!':0, '!':0, '!':0, '!':0, '!':0, '!':0, '!':0, '!':0, '!':0, '!':0, '!':0, '!':0, '!':0, '!':0, '!':0, '!':0, '!':0, '!':0, '!':0, '':97639, '':99491, '':106821, '':17714, '':113887, '':100641, '':33126, '':100168, '':9370, '':72448, '':3837, '':23031, '':102989, '':100006 ]
[1712729543] n_remain: 36
[1712729543] eval: [ '':100006 ]
[1712729543] n_past = 637
[1712729543] last: [ '!':0, '!':0, '!':0, '!':0, '!':0, '!':0, '!':0, '!':0, '!':0, '!':0, '!':0, '!':0, '!':0, '!':0, '!':0, '!':0, '!':0, '!':0, '!':0, '!':0, '!':0, '!':0, '!':0, '!':0, '!':0, '!':0, '!':0, '!':0, '!':0, '!':0, '!':0, '!':0, '!':0, '!':0, '!':0, '!':0, '!':0, '!':0, '!':0, '!':0, '!':0, '!':0, '!':0, '!':0, '!':0, '!':0, '!':0, '!':0, '!':0, '':97639, '':99491, '':106821, '':17714, '':113887, '':100641, '':33126, '':100168, '':9370, '':72448, '':3837, '':23031, '':102989, '':100006, '':101098 ]
[1712729543] n_remain: 35
[1712729543] eval: [ '':101098 ]
[1712729543] n_past = 638
[1712729543] last: [ '!':0, '!':0, '!':0, '!':0, '!':0, '!':0, '!':0, '!':0, '!':0, '!':0, '!':0, '!':0, '!':0, '!':0, '!':0, '!':0, '!':0, '!':0, '!':0, '!':0, '!':0, '!':0, '!':0, '!':0, '!':0, '!':0, '!':0, '!':0, '!':0, '!':0, '!':0, '!':0, '!':0, '!':0, '!':0, '!':0, '!':0, '!':0, '!':0, '!':0, '!':0, '!':0, '!':0, '!':0, '!':0, '!':0, '!':0, '!':0, '':97639, '':99491, '':106821, '':17714, '':113887, '':100641, '':33126, '':100168, '':9370, '':72448, '':3837, '':23031, '':102989, '':100006, '':101098, '':102808 ]
[1712729543] n_remain: 34
[1712729543] eval: [ '':102808 ]
[1712729543] n_past = 639
[1712729543] last: [ '!':0, '!':0, '!':0, '!':0, '!':0, '!':0, '!':0, '!':0, '!':0, '!':0, '!':0, '!':0, '!':0, '!':0, '!':0, '!':0, '!':0, '!':0, '!':0, '!':0, '!':0, '!':0, '!':0, '!':0, '!':0, '!':0, '!':0, '!':0, '!':0, '!':0, '!':0, '!':0, '!':0, '!':0, '!':0, '!':0, '!':0, '!':0, '!':0, '!':0, '!':0, '!':0, '!':0, '!':0, '!':0, '!':0, '!':0, '':97639, '':99491, '':106821, '':17714, '':113887, '':100641, '':33126, '':100168, '':9370, '':72448, '':3837, '':23031, '':102989, '':100006, '':101098, '':102808, '':100682 ]
[1712729543] n_remain: 33
[1712729543] eval: [ '':100682 ]
[1712729543] n_past = 640
[1712729543] last: [ '!':0, '!':0, '!':0, '!':0, '!':0, '!':0, '!':0, '!':0, '!':0, '!':0, '!':0, '!':0, '!':0, '!':0, '!':0, '!':0, '!':0, '!':0, '!':0, '!':0, '!':0, '!':0, '!':0, '!':0, '!':0, '!':0, '!':0, '!':0, '!':0, '!':0, '!':0, '!':0, '!':0, '!':0, '!':0, '!':0, '!':0, '!':0, '!':0, '!':0, '!':0, '!':0, '!':0, '!':0, '!':0, '!':0, '':97639, '':99491, '':106821, '':17714, '':113887, '':100641, '':33126, '':100168, '':9370, '':72448, '':3837, '':23031, '':102989, '':100006, '':101098, '':102808, '':100682, '':62926 ]
[1712729543] n_remain: 32
[1712729543] context full, swapping: n_past = 640, n_left = 73, n_ctx = 640, n_keep = 567, n_discard = 36
[1712729543] after swap: n_past = 604, n_past_guidance = 0
[1712729543] embd: [ '':62926 ]
[1712729543] clear session path
[1712729543] eval: [ '':62926 ]
[1712729543] n_past = 605
[1712729543] last: [ '!':0, '!':0, '!':0, '!':0, '!':0, '!':0, '!':0, '!':0, '!':0, '!':0, '!':0, '!':0, '!':0, '!':0, '!':0, '!':0, '!':0, '!':0, '!':0, '!':0, '!':0, '!':0, '!':0, '!':0, '!':0, '!':0, '!':0, '!':0, '!':0, '!':0, '!':0, '!':0, '!':0, '!':0, '!':0, '!':0, '!':0, '!':0, '!':0, '!':0, '!':0, '!':0, '!':0, '!':0, '!':0, '':97639, '':99491, '':106821, '':17714, '':113887, '':100641, '':33126, '':100168, '':9370, '':72448, '':3837, '':23031, '':102989, '':100006, '':101098, '':102808, '':100682, '':62926, '':104086 ]
[1712729543] n_remain: 31
[1712729543] eval: [ '':104086 ]
[1712729543] n_past = 606
[1712729543] last: [ '!':0, '!':0, '!':0, '!':0, '!':0, '!':0, '!':0, '!':0, '!':0, '!':0, '!':0, '!':0, '!':0, '!':0, '!':0, '!':0, '!':0, '!':0, '!':0, '!':0, '!':0, '!':0, '!':0, '!':0, '!':0, '!':0, '!':0, '!':0, '!':0, '!':0, '!':0, '!':0, '!':0, '!':0, '!':0, '!':0, '!':0, '!':0, '!':0, '!':0, '!':0, '!':0, '!':0, '!':0, '':97639, '':99491, '':106821, '':17714, '':113887, '':100641, '':33126, '':100168, '':9370, '':72448, '':3837, '':23031, '':102989, '':100006, '':101098, '':102808, '':100682, '':62926, '':104086, '':102808 ]
[1712729543] n_remain: 30
[1712729543] eval: [ '':102808 ]
[1712729543] n_past = 607
[1712729543] last: [ '!':0, '!':0, '!':0, '!':0, '!':0, '!':0, '!':0, '!':0, '!':0, '!':0, '!':0, '!':0, '!':0, '!':0, '!':0, '!':0, '!':0, '!':0, '!':0, '!':0, '!':0, '!':0, '!':0, '!':0, '!':0, '!':0, '!':0, '!':0, '!':0, '!':0, '!':0, '!':0, '!':0, '!':0, '!':0, '!':0, '!':0, '!':0, '!':0, '!':0, '!':0, '!':0, '!':0, '':97639, '':99491, '':106821, '':17714, '':113887, '':100641, '':33126, '':100168, '':9370, '':72448, '':3837, '':23031, '':102989, '':100006, '':101098, '':102808, '':100682, '':62926, '':104086, '':102808, '':32945 ]
[1712729543] n_remain: 29
[1712729543] eval: [ '':32945 ]
[1712729543] n_past = 608
[1712729543] last: [ '!':0, '!':0, '!':0, '!':0, '!':0, '!':0, '!':0, '!':0, '!':0, '!':0, '!':0, '!':0, '!':0, '!':0, '!':0, '!':0, '!':0, '!':0, '!':0, '!':0, '!':0, '!':0, '!':0, '!':0, '!':0, '!':0, '!':0, '!':0, '!':0, '!':0, '!':0, '!':0, '!':0, '!':0, '!':0, '!':0, '!':0, '!':0, '!':0, '!':0, '!':0, '!':0, '':97639, '':99491, '':106821, '':17714, '':113887, '':100641, '':33126, '':100168, '':9370, '':72448, '':3837, '':23031, '':102989, '':100006, '':101098, '':102808, '':100682, '':62926, '':104086, '':102808, '':32945, '':198 ]
[1712729543] n_remain: 28
[1712729543] eval: [ '':198 ]
[1712729543] n_past = 609
[1712729543] last: [ '!':0, '!':0, '!':0, '!':0, '!':0, '!':0, '!':0, '!':0, '!':0, '!':0, '!':0, '!':0, '!':0, '!':0, '!':0, '!':0, '!':0, '!':0, '!':0, '!':0, '!':0, '!':0, '!':0, '!':0, '!':0, '!':0, '!':0, '!':0, '!':0, '!':0, '!':0, '!':0, '!':0, '!':0, '!':0, '!':0, '!':0, '!':0, '!':0, '!':0, '!':0, '':97639, '':99491, '':106821, '':17714, '':113887, '':100641, '':33126, '':100168, '':9370, '':72448, '':3837, '':23031, '':102989, '':100006, '':101098, '':102808, '':100682, '':62926, '':104086, '':102808, '':32945, '':198, '':2073 ]
[1712729543] n_remain: 27
[1712729543] eval: [ '':2073 ]
[1712729543] n_past = 610
[1712729543] last: [ '!':0, '!':0, '!':0, '!':0, '!':0, '!':0, '!':0, '!':0, '!':0, '!':0, '!':0, '!':0, '!':0, '!':0, '!':0, '!':0, '!':0, '!':0, '!':0, '!':0, '!':0, '!':0, '!':0, '!':0, '!':0, '!':0, '!':0, '!':0, '!':0, '!':0, '!':0, '!':0, '!':0, '!':0, '!':0, '!':0, '!':0, '!':0, '!':0, '!':0, '':97639, '':99491, '':106821, '':17714, '':113887, '':100641, '':33126, '':100168, '':9370, '':72448, '':3837, '':23031, '':102989, '':100006, '':101098, '':102808, '':100682, '':62926, '':104086, '':102808, '':32945, '':198, '':2073, '':97639 ]
[1712729543] n_remain: 26
[1712729543] eval: [ '':97639 ]
[1712729543] n_past = 611
[1712729543] last: [ '!':0, '!':0, '!':0, '!':0, '!':0, '!':0, '!':0, '!':0, '!':0, '!':0, '!':0, '!':0, '!':0, '!':0, '!':0, '!':0, '!':0, '!':0, '!':0, '!':0, '!':0, '!':0, '!':0, '!':0, '!':0, '!':0, '!':0, '!':0, '!':0, '!':0, '!':0, '!':0, '!':0, '!':0, '!':0, '!':0, '!':0, '!':0, '!':0, '':97639, '':99491, '':106821, '':17714, '':113887, '':100641, '':33126, '':100168, '':9370, '':72448, '':3837, '':23031, '':102989, '':100006, '':101098, '':102808, '':100682, '':62926, '':104086, '':102808, '':32945, '':198, '':2073, '':97639, '':104717 ]
[1712729543] n_remain: 25
[1712729543] eval: [ '':104717 ]
[1712729543] n_past = 612
[1712729543] last: [ '!':0, '!':0, '!':0, '!':0, '!':0, '!':0, '!':0, '!':0, '!':0, '!':0, '!':0, '!':0, '!':0, '!':0, '!':0, '!':0, '!':0, '!':0, '!':0, '!':0, '!':0, '!':0, '!':0, '!':0, '!':0, '!':0, '!':0, '!':0, '!':0, '!':0, '!':0, '!':0, '!':0, '!':0, '!':0, '!':0, '!':0, '!':0, '':97639, '':99491, '':106821, '':17714, '':113887, '':100641, '':33126, '':100168, '':9370, '':72448, '':3837, '':23031, '':102989, '':100006, '':101098, '':102808, '':100682, '':62926, '':104086, '':102808, '':32945, '':198, '':2073, '':97639, '':104717, '':99258 ]
[1712729543] n_remain: 24
[1712729543] eval: [ '':99258 ]
[1712729543] n_past = 613
[1712729543] last: [ '!':0, '!':0, '!':0, '!':0, '!':0, '!':0, '!':0, '!':0, '!':0, '!':0, '!':0, '!':0, '!':0, '!':0, '!':0, '!':0, '!':0, '!':0, '!':0, '!':0, '!':0, '!':0, '!':0, '!':0, '!':0, '!':0, '!':0, '!':0, '!':0, '!':0, '!':0, '!':0, '!':0, '!':0, '!':0, '!':0, '!':0, '':97639, '':99491, '':106821, '':17714, '':113887, '':100641, '':33126, '':100168, '':9370, '':72448, '':3837, '':23031, '':102989, '':100006, '':101098, '':102808, '':100682, '':62926, '':104086, '':102808, '':32945, '':198, '':2073, '':97639, '':104717, '':99258, '':55338 ]
[1712729543] n_remain: 23
[1712729543] eval: [ '':55338 ]
[1712729543] n_past = 614
[1712729543] last: [ '!':0, '!':0, '!':0, '!':0, '!':0, '!':0, '!':0, '!':0, '!':0, '!':0, '!':0, '!':0, '!':0, '!':0, '!':0, '!':0, '!':0, '!':0, '!':0, '!':0, '!':0, '!':0, '!':0, '!':0, '!':0, '!':0, '!':0, '!':0, '!':0, '!':0, '!':0, '!':0, '!':0, '!':0, '!':0, '!':0, '':97639, '':99491, '':106821, '':17714, '':113887, '':100641, '':33126, '':100168, '':9370, '':72448, '':3837, '':23031, '':102989, '':100006, '':101098, '':102808, '':100682, '':62926, '':104086, '':102808, '':32945, '':198, '':2073, '':97639, '':104717, '':99258, '':55338, '':100623 ]
[1712729543] n_remain: 22
[1712729543] eval: [ '':100623 ]
[1712729543] n_past = 615
[1712729543] last: [ '!':0, '!':0, '!':0, '!':0, '!':0, '!':0, '!':0, '!':0, '!':0, '!':0, '!':0, '!':0, '!':0, '!':0, '!':0, '!':0, '!':0, '!':0, '!':0, '!':0, '!':0, '!':0, '!':0, '!':0, '!':0, '!':0, '!':0, '!':0, '!':0, '!':0, '!':0, '!':0, '!':0, '!':0, '!':0, '':97639, '':99491, '':106821, '':17714, '':113887, '':100641, '':33126, '':100168, '':9370, '':72448, '':3837, '':23031, '':102989, '':100006, '':101098, '':102808, '':100682, '':62926, '':104086, '':102808, '':32945, '':198, '':2073, '':97639, '':104717, '':99258, '':55338, '':100623, '':100006 ]
[1712729543] n_remain: 21
[1712729543] eval: [ '':100006 ]
[1712729543] n_past = 616
[1712729543] last: [ '!':0, '!':0, '!':0, '!':0, '!':0, '!':0, '!':0, '!':0, '!':0, '!':0, '!':0, '!':0, '!':0, '!':0, '!':0, '!':0, '!':0, '!':0, '!':0, '!':0, '!':0, '!':0, '!':0, '!':0, '!':0, '!':0, '!':0, '!':0, '!':0, '!':0, '!':0, '!':0, '!':0, '!':0, '':97639, '':99491, '':106821, '':17714, '':113887, '':100641, '':33126, '':100168, '':9370, '':72448, '':3837, '':23031, '':102989, '':100006, '':101098, '':102808, '':100682, '':62926, '':104086, '':102808, '':32945, '':198, '':2073, '':97639, '':104717, '':99258, '':55338, '':100623, '':100006, '':100350 ]
[1712729543] n_remain: 20
[1712729543] eval: [ '':100350 ]
[1712729543] n_past = 617
[1712729543] last: [ '!':0, '!':0, '!':0, '!':0, '!':0, '!':0, '!':0, '!':0, '!':0, '!':0, '!':0, '!':0, '!':0, '!':0, '!':0, '!':0, '!':0, '!':0, '!':0, '!':0, '!':0, '!':0, '!':0, '!':0, '!':0, '!':0, '!':0, '!':0, '!':0, '!':0, '!':0, '!':0, '!':0, '':97639, '':99491, '':106821, '':17714, '':113887, '':100641, '':33126, '':100168, '':9370, '':72448, '':3837, '':23031, '':102989, '':100006, '':101098, '':102808, '':100682, '':62926, '':104086, '':102808, '':32945, '':198, '':2073, '':97639, '':104717, '':99258, '':55338, '':100623, '':100006, '':100350, '':105987 ]
[1712729543] n_remain: 19
[1712729543] eval: [ '':105987 ]
[1712729543] n_past = 618
[1712729543] last: [ '!':0, '!':0, '!':0, '!':0, '!':0, '!':0, '!':0, '!':0, '!':0, '!':0, '!':0, '!':0, '!':0, '!':0, '!':0, '!':0, '!':0, '!':0, '!':0, '!':0, '!':0, '!':0, '!':0, '!':0, '!':0, '!':0, '!':0, '!':0, '!':0, '!':0, '!':0, '!':0, '':97639, '':99491, '':106821, '':17714, '':113887, '':100641, '':33126, '':100168, '':9370, '':72448, '':3837, '':23031, '':102989, '':100006, '':101098, '':102808, '':100682, '':62926, '':104086, '':102808, '':32945, '':198, '':2073, '':97639, '':104717, '':99258, '':55338, '':100623, '':100006, '':100350, '':105987, '':104571 ]
[1712729543] n_remain: 18
[1712729543] eval: [ '':104571 ]
[1712729543] n_past = 619
[1712729543] last: [ '!':0, '!':0, '!':0, '!':0, '!':0, '!':0, '!':0, '!':0, '!':0, '!':0, '!':0, '!':0, '!':0, '!':0, '!':0, '!':0, '!':0, '!':0, '!':0, '!':0, '!':0, '!':0, '!':0, '!':0, '!':0, '!':0, '!':0, '!':0, '!':0, '!':0, '!':0, '':97639, '':99491, '':106821, '':17714, '':113887, '':100641, '':33126, '':100168, '':9370, '':72448, '':3837, '':23031, '':102989, '':100006, '':101098, '':102808, '':100682, '':62926, '':104086, '':102808, '':32945, '':198, '':2073, '':97639, '':104717, '':99258, '':55338, '':100623, '':100006, '':100350, '':105987, '':104571, '':3837 ]
[1712729543] n_remain: 17
[1712729543] eval: [ '':3837 ]
[1712729543] n_past = 620
[1712729543] last: [ '!':0, '!':0, '!':0, '!':0, '!':0, '!':0, '!':0, '!':0, '!':0, '!':0, '!':0, '!':0, '!':0, '!':0, '!':0, '!':0, '!':0, '!':0, '!':0, '!':0, '!':0, '!':0, '!':0, '!':0, '!':0, '!':0, '!':0, '!':0, '!':0, '!':0, '':97639, '':99491, '':106821, '':17714, '':113887, '':100641, '':33126, '':100168, '':9370, '':72448, '':3837, '':23031, '':102989, '':100006, '':101098, '':102808, '':100682, '':62926, '':104086, '':102808, '':32945, '':198, '':2073, '':97639, '':104717, '':99258, '':55338, '':100623, '':100006, '':100350, '':105987, '':104571, '':3837, '':99258 ]
[1712729543] n_remain: 16
[1712729543] eval: [ '':99258 ]
[1712729543] n_past = 621
[1712729543] last: [ '!':0, '!':0, '!':0, '!':0, '!':0, '!':0, '!':0, '!':0, '!':0, '!':0, '!':0, '!':0, '!':0, '!':0, '!':0, '!':0, '!':0, '!':0, '!':0, '!':0, '!':0, '!':0, '!':0, '!':0, '!':0, '!':0, '!':0, '!':0, '!':0, '':97639, '':99491, '':106821, '':17714, '':113887, '':100641, '':33126, '':100168, '':9370, '':72448, '':3837, '':23031, '':102989, '':100006, '':101098, '':102808, '':100682, '':62926, '':104086, '':102808, '':32945, '':198, '':2073, '':97639, '':104717, '':99258, '':55338, '':100623, '':100006, '':100350, '':105987, '':104571, '':3837, '':99258, '':55338 ]
[1712729543] n_remain: 15
[1712729543] eval: [ '':55338 ]
[1712729543] n_past = 622
[1712729543] last: [ '!':0, '!':0, '!':0, '!':0, '!':0, '!':0, '!':0, '!':0, '!':0, '!':0, '!':0, '!':0, '!':0, '!':0, '!':0, '!':0, '!':0, '!':0, '!':0, '!':0, '!':0, '!':0, '!':0, '!':0, '!':0, '!':0, '!':0, '!':0, '':97639, '':99491, '':106821, '':17714, '':113887, '':100641, '':33126, '':100168, '':9370, '':72448, '':3837, '':23031, '':102989, '':100006, '':101098, '':102808, '':100682, '':62926, '':104086, '':102808, '':32945, '':198, '':2073, '':97639, '':104717, '':99258, '':55338, '':100623, '':100006, '':100350, '':105987, '':104571, '':3837, '':99258, '':55338, '':100623 ]
[1712729543] n_remain: 14
[1712729543] eval: [ '':100623 ]
[1712729543] n_past = 623
[1712729543] last: [ '!':0, '!':0, '!':0, '!':0, '!':0, '!':0, '!':0, '!':0, '!':0, '!':0, '!':0, '!':0, '!':0, '!':0, '!':0, '!':0, '!':0, '!':0, '!':0, '!':0, '!':0, '!':0, '!':0, '!':0, '!':0, '!':0, '!':0, '':97639, '':99491, '':106821, '':17714, '':113887, '':100641, '':33126, '':100168, '':9370, '':72448, '':3837, '':23031, '':102989, '':100006, '':101098, '':102808, '':100682, '':62926, '':104086, '':102808, '':32945, '':198, '':2073, '':97639, '':104717, '':99258, '':55338, '':100623, '':100006, '':100350, '':105987, '':104571, '':3837, '':99258, '':55338, '':100623, '':100006 ]
[1712729543] n_remain: 13
[1712729543] eval: [ '':100006 ]
[1712729543] n_past = 624
[1712729543] last: [ '!':0, '!':0, '!':0, '!':0, '!':0, '!':0, '!':0, '!':0, '!':0, '!':0, '!':0, '!':0, '!':0, '!':0, '!':0, '!':0, '!':0, '!':0, '!':0, '!':0, '!':0, '!':0, '!':0, '!':0, '!':0, '!':0, '':97639, '':99491, '':106821, '':17714, '':113887, '':100641, '':33126, '':100168, '':9370, '':72448, '':3837, '':23031, '':102989, '':100006, '':101098, '':102808, '':100682, '':62926, '':104086, '':102808, '':32945, '':198, '':2073, '':97639, '':104717, '':99258, '':55338, '':100623, '':100006, '':100350, '':105987, '':104571, '':3837, '':99258, '':55338, '':100623, '':100006, '':100350 ]
[1712729543] n_remain: 12
[1712729543] eval: [ '':100350 ]
[1712729543] n_past = 625
[1712729543] last: [ '!':0, '!':0, '!':0, '!':0, '!':0, '!':0, '!':0, '!':0, '!':0, '!':0, '!':0, '!':0, '!':0, '!':0, '!':0, '!':0, '!':0, '!':0, '!':0, '!':0, '!':0, '!':0, '!':0, '!':0, '!':0, '':97639, '':99491, '':106821, '':17714, '':113887, '':100641, '':33126, '':100168, '':9370, '':72448, '':3837, '':23031, '':102989, '':100006, '':101098, '':102808, '':100682, '':62926, '':104086, '':102808, '':32945, '':198, '':2073, '':97639, '':104717, '':99258, '':55338, '':100623, '':100006, '':100350, '':105987, '':104571, '':3837, '':99258, '':55338, '':100623, '':100006, '':100350, '':105987 ]
[1712729543] n_remain: 11
[1712729543] eval: [ '':105987 ]
[1712729543] n_past = 626
[1712729543] last: [ '!':0, '!':0, '!':0, '!':0, '!':0, '!':0, '!':0, '!':0, '!':0, '!':0, '!':0, '!':0, '!':0, '!':0, '!':0, '!':0, '!':0, '!':0, '!':0, '!':0, '!':0, '!':0, '!':0, '!':0, '':97639, '':99491, '':106821, '':17714, '':113887, '':100641, '':33126, '':100168, '':9370, '':72448, '':3837, '':23031, '':102989, '':100006, '':101098, '':102808, '':100682, '':62926, '':104086, '':102808, '':32945, '':198, '':2073, '':97639, '':104717, '':99258, '':55338, '':100623, '':100006, '':100350, '':105987, '':104571, '':3837, '':99258, '':55338, '':100623, '':100006, '':100350, '':105987, '':104571 ]
[1712729543] n_remain: 10
[1712729543] eval: [ '':104571 ]
[1712729543] n_past = 627
[1712729543] last: [ '!':0, '!':0, '!':0, '!':0, '!':0, '!':0, '!':0, '!':0, '!':0, '!':0, '!':0, '!':0, '!':0, '!':0, '!':0, '!':0, '!':0, '!':0, '!':0, '!':0, '!':0, '!':0, '!':0, '':97639, '':99491, '':106821, '':17714, '':113887, '':100641, '':33126, '':100168, '':9370, '':72448, '':3837, '':23031, '':102989, '':100006, '':101098, '':102808, '':100682, '':62926, '':104086, '':102808, '':32945, '':198, '':2073, '':97639, '':104717, '':99258, '':55338, '':100623, '':100006, '':100350, '':105987, '':104571, '':3837, '':99258, '':55338, '':100623, '':100006, '':100350, '':105987, '':104571, '':32945 ]
[1712729543] n_remain: 9
[1712729543] eval: [ '':32945 ]
[1712729543] n_past = 628
[1712729543] last: [ '!':0, '!':0, '!':0, '!':0, '!':0, '!':0, '!':0, '!':0, '!':0, '!':0, '!':0, '!':0, '!':0, '!':0, '!':0, '!':0, '!':0, '!':0, '!':0, '!':0, '!':0, '!':0, '':97639, '':99491, '':106821, '':17714, '':113887, '':100641, '':33126, '':100168, '':9370, '':72448, '':3837, '':23031, '':102989, '':100006, '':101098, '':102808, '':100682, '':62926, '':104086, '':102808, '':32945, '':198, '':2073, '':97639, '':104717, '':99258, '':55338, '':100623, '':100006, '':100350, '':105987, '':104571, '':3837, '':99258, '':55338, '':100623, '':100006, '':100350, '':105987, '':104571, '':32945, '':198 ]
[1712729543] n_remain: 8
[1712729543] eval: [ '':198 ]
[1712729543] n_past = 629
[1712729543] last: [ '!':0, '!':0, '!':0, '!':0, '!':0, '!':0, '!':0, '!':0, '!':0, '!':0, '!':0, '!':0, '!':0, '!':0, '!':0, '!':0, '!':0, '!':0, '!':0, '!':0, '!':0, '':97639, '':99491, '':106821, '':17714, '':113887, '':100641, '':33126, '':100168, '':9370, '':72448, '':3837, '':23031, '':102989, '':100006, '':101098, '':102808, '':100682, '':62926, '':104086, '':102808, '':32945, '':198, '':2073, '':97639, '':104717, '':99258, '':55338, '':100623, '':100006, '':100350, '':105987, '':104571, '':3837, '':99258, '':55338, '':100623, '':100006, '':100350, '':105987, '':104571, '':32945, '':198, '':2073 ]
[1712729543] n_remain: 7
[1712729543] eval: [ '':2073 ]
[1712729543] n_past = 630
[1712729543] last: [ '!':0, '!':0, '!':0, '!':0, '!':0, '!':0, '!':0, '!':0, '!':0, '!':0, '!':0, '!':0, '!':0, '!':0, '!':0, '!':0, '!':0, '!':0, '!':0, '!':0, '':97639, '':99491, '':106821, '':17714, '':113887, '':100641, '':33126, '':100168, '':9370, '':72448, '':3837, '':23031, '':102989, '':100006, '':101098, '':102808, '':100682, '':62926, '':104086, '':102808, '':32945, '':198, '':2073, '':97639, '':104717, '':99258, '':55338, '':100623, '':100006, '':100350, '':105987, '':104571, '':3837, '':99258, '':55338, '':100623, '':100006, '':100350, '':105987, '':104571, '':32945, '':198, '':2073, '':97639 ]
[1712729543] n_remain: 6
[1712729543] eval: [ '':97639 ]
[1712729543] n_past = 631
[1712729543] last: [ '!':0, '!':0, '!':0, '!':0, '!':0, '!':0, '!':0, '!':0, '!':0, '!':0, '!':0, '!':0, '!':0, '!':0, '!':0, '!':0, '!':0, '!':0, '!':0, '':97639, '':99491, '':106821, '':17714, '':113887, '':100641, '':33126, '':100168, '':9370, '':72448, '':3837, '':23031, '':102989, '':100006, '':101098, '':102808, '':100682, '':62926, '':104086, '':102808, '':32945, '':198, '':2073, '':97639, '':104717, '':99258, '':55338, '':100623, '':100006, '':100350, '':105987, '':104571, '':3837, '':99258, '':55338, '':100623, '':100006, '':100350, '':105987, '':104571, '':32945, '':198, '':2073, '':97639, '':104717 ]
[1712729543] n_remain: 5
[1712729543] eval: [ '':104717 ]
[1712729543] n_past = 632
[1712729543] last: [ '!':0, '!':0, '!':0, '!':0, '!':0, '!':0, '!':0, '!':0, '!':0, '!':0, '!':0, '!':0, '!':0, '!':0, '!':0, '!':0, '!':0, '!':0, '':97639, '':99491, '':106821, '':17714, '':113887, '':100641, '':33126, '':100168, '':9370, '':72448, '':3837, '':23031, '':102989, '':100006, '':101098, '':102808, '':100682, '':62926, '':104086, '':102808, '':32945, '':198, '':2073, '':97639, '':104717, '':99258, '':55338, '':100623, '':100006, '':100350, '':105987, '':104571, '':3837, '':99258, '':55338, '':100623, '':100006, '':100350, '':105987, '':104571, '':32945, '':198, '':2073, '':97639, '':104717, '':17714 ]
[1712729543] n_remain: 4
[1712729543] eval: [ '':17714 ]
[1712729543] n_past = 633
[1712729543] last: [ '!':0, '!':0, '!':0, '!':0, '!':0, '!':0, '!':0, '!':0, '!':0, '!':0, '!':0, '!':0, '!':0, '!':0, '!':0, '!':0, '!':0, '':97639, '':99491, '':106821, '':17714, '':113887, '':100641, '':33126, '':100168, '':9370, '':72448, '':3837, '':23031, '':102989, '':100006, '':101098, '':102808, '':100682, '':62926, '':104086, '':102808, '':32945, '':198, '':2073, '':97639, '':104717, '':99258, '':55338, '':100623, '':100006, '':100350, '':105987, '':104571, '':3837, '':99258, '':55338, '':100623, '':100006, '':100350, '':105987, '':104571, '':32945, '':198, '':2073, '':97639, '':104717, '':17714, '':55338 ]
[1712729543] n_remain: 3
[1712729543] eval: [ '':55338 ]
[1712729543] n_past = 634
[1712729543] last: [ '!':0, '!':0, '!':0, '!':0, '!':0, '!':0, '!':0, '!':0, '!':0, '!':0, '!':0, '!':0, '!':0, '!':0, '!':0, '!':0, '':97639, '':99491, '':106821, '':17714, '':113887, '':100641, '':33126, '':100168, '':9370, '':72448, '':3837, '':23031, '':102989, '':100006, '':101098, '':102808, '':100682, '':62926, '':104086, '':102808, '':32945, '':198, '':2073, '':97639, '':104717, '':99258, '':55338, '':100623, '':100006, '':100350, '':105987, '':104571, '':3837, '':99258, '':55338, '':100623, '':100006, '':100350, '':105987, '':104571, '':32945, '':198, '':2073, '':97639, '':104717, '':17714, '':55338, '':100623 ]
[1712729543] n_remain: 2
[1712729543] eval: [ '':100623 ]
[1712729543] n_past = 635
[1712729543] last: [ '!':0, '!':0, '!':0, '!':0, '!':0, '!':0, '!':0, '!':0, '!':0, '!':0, '!':0, '!':0, '!':0, '!':0, '!':0, '':97639, '':99491, '':106821, '':17714, '':113887, '':100641, '':33126, '':100168, '':9370, '':72448, '':3837, '':23031, '':102989, '':100006, '':101098, '':102808, '':100682, '':62926, '':104086, '':102808, '':32945, '':198, '':2073, '':97639, '':104717, '':99258, '':55338, '':100623, '':100006, '':100350, '':105987, '':104571, '':3837, '':99258, '':55338, '':100623, '':100006, '':100350, '':105987, '':104571, '':32945, '':198, '':2073, '':97639, '':104717, '':17714, '':55338, '':100623, '':99553 ]
[1712729543] n_remain: 1
[1712729543] eval: [ '':99553 ]
[1712729543] n_past = 636
[1712729543] last: [ '!':0, '!':0, '!':0, '!':0, '!':0, '!':0, '!':0, '!':0, '!':0, '!':0, '!':0, '!':0, '!':0, '!':0, '':97639, '':99491, '':106821, '':17714, '':113887, '':100641, '':33126, '':100168, '':9370, '':72448, '':3837, '':23031, '':102989, '':100006, '':101098, '':102808, '':100682, '':62926, '':104086, '':102808, '':32945, '':198, '':2073, '':97639, '':104717, '':99258, '':55338, '':100623, '':100006, '':100350, '':105987, '':104571, '':3837, '':99258, '':55338, '':100623, '':100006, '':100350, '':105987, '':104571, '':32945, '':198, '':2073, '':97639, '':104717, '':17714, '':55338, '':100623, '':99553, '':105987 ]
[1712729543] n_remain: 0
[1712729543] eval: [ '':105987 ]
[1712729543] n_past = 637
[1712729543] embd_inp.size(): 567, n_consumed: 567
[1712729543] waiting for user input
[1712729544] empty line, passing control back
[1712729544] last: [ '!':0, '!':0, '!':0, '!':0, '!':0, '!':0, '!':0, '!':0, '!':0, '!':0, '!':0, '!':0, '!':0, '!':0, '!':0, '!':0, '!':0, '!':0, '!':0, '!':0, '!':0, '!':0, '!':0, '!':0, '!':0, '!':0, '!':0, '!':0, '!':0, '!':0, '!':0, '!':0, '!':0, '!':0, '!':0, '!':0, '!':0, '!':0, '!':0, '!':0, '!':0, '!':0, '!':0, '!':0, '!':0, '!':0, '!':0, '!':0, '!':0, '!':0, '!':0, '!':0, '!':0, '!':0, '!':0, '!':0, '!':0, '!':0, '!':0, '!':0, '!':0, '!':0, '!':0, '':104571 ]
[1712729544] n_remain: 49
[1712729544] eval: [ '':104571 ]
[1712729544] n_past = 638
[1712729544] last: [ '!':0, '!':0, '!':0, '!':0, '!':0, '!':0, '!':0, '!':0, '!':0, '!':0, '!':0, '!':0, '!':0, '!':0, '!':0, '!':0, '!':0, '!':0, '!':0, '!':0, '!':0, '!':0, '!':0, '!':0, '!':0, '!':0, '!':0, '!':0, '!':0, '!':0, '!':0, '!':0, '!':0, '!':0, '!':0, '!':0, '!':0, '!':0, '!':0, '!':0, '!':0, '!':0, '!':0, '!':0, '!':0, '!':0, '!':0, '!':0, '!':0, '!':0, '!':0, '!':0, '!':0, '!':0, '!':0, '!':0, '!':0, '!':0, '!':0, '!':0, '!':0, '!':0, '':104571, '':32945 ]
[1712729544] n_remain: 48
[1712729544] eval: [ '':32945 ]
[1712729544] n_past = 639
[1712729544] last: [ '!':0, '!':0, '!':0, '!':0, '!':0, '!':0, '!':0, '!':0, '!':0, '!':0, '!':0, '!':0, '!':0, '!':0, '!':0, '!':0, '!':0, '!':0, '!':0, '!':0, '!':0, '!':0, '!':0, '!':0, '!':0, '!':0, '!':0, '!':0, '!':0, '!':0, '!':0, '!':0, '!':0, '!':0, '!':0, '!':0, '!':0, '!':0, '!':0, '!':0, '!':0, '!':0, '!':0, '!':0, '!':0, '!':0, '!':0, '!':0, '!':0, '!':0, '!':0, '!':0, '!':0, '!':0, '!':0, '!':0, '!':0, '!':0, '!':0, '!':0, '!':0, '':104571, '':32945, '':151643 ]
[1712729544] n_remain: 47
[1712729544] eval: [ '':151643 ]
[1712729544] n_past = 640
[1712729544] last: [ '!':0, '!':0, '!':0, '!':0, '!':0, '!':0, '!':0, '!':0, '!':0, '!':0, '!':0, '!':0, '!':0, '!':0, '!':0, '!':0, '!':0, '!':0, '!':0, '!':0, '!':0, '!':0, '!':0, '!':0, '!':0, '!':0, '!':0, '!':0, '!':0, '!':0, '!':0, '!':0, '!':0, '!':0, '!':0, '!':0, '!':0, '!':0, '!':0, '!':0, '!':0, '!':0, '!':0, '!':0, '!':0, '!':0, '!':0, '!':0, '!':0, '!':0, '!':0, '!':0, '!':0, '!':0, '!':0, '!':0, '!':0, '!':0, '!':0, '!':0, '':104571, '':32945, '':151643, '':77288 ]
[1712729544] n_remain: 46
[1712729544] context full, swapping: n_past = 640, n_left = 73, n_ctx = 640, n_keep = 567, n_discard = 36
[1712729544] after swap: n_past = 604, n_past_guidance = 0
[1712729544] embd: [ '':77288 ]
[1712729544] clear session path
[1712729544] eval: [ '':77288 ]
[1712729544] n_past = 605
[1712729544] last: [ '!':0, '!':0, '!':0, '!':0, '!':0, '!':0, '!':0, '!':0, '!':0, '!':0, '!':0, '!':0, '!':0, '!':0, '!':0, '!':0, '!':0, '!':0, '!':0, '!':0, '!':0, '!':0, '!':0, '!':0, '!':0, '!':0, '!':0, '!':0, '!':0, '!':0, '!':0, '!':0, '!':0, '!':0, '!':0, '!':0, '!':0, '!':0, '!':0, '!':0, '!':0, '!':0, '!':0, '!':0, '!':0, '!':0, '!':0, '!':0, '!':0, '!':0, '!':0, '!':0, '!':0, '!':0, '!':0, '!':0, '!':0, '!':0, '!':0, '':104571, '':32945, '':151643, '':77288, '':30534 ]
[1712729544] n_remain: 45
[1712729544] eval: [ '':30534 ]
[1712729544] n_past = 606
[1712729544] last: [ '!':0, '!':0, '!':0, '!':0, '!':0, '!':0, '!':0, '!':0, '!':0, '!':0, '!':0, '!':0, '!':0, '!':0, '!':0, '!':0, '!':0, '!':0, '!':0, '!':0, '!':0, '!':0, '!':0, '!':0, '!':0, '!':0, '!':0, '!':0, '!':0, '!':0, '!':0, '!':0, '!':0, '!':0, '!':0, '!':0, '!':0, '!':0, '!':0, '!':0, '!':0, '!':0, '!':0, '!':0, '!':0, '!':0, '!':0, '!':0, '!':0, '!':0, '!':0, '!':0, '!':0, '!':0, '!':0, '!':0, '!':0, '!':0, '':104571, '':32945, '':151643, '':77288, '':30534, '':100350 ]
[1712729544] n_remain: 44
[1712729544] eval: [ '':100350 ]
[1712729544] n_past = 607
[1712729544] last: [ '!':0, '!':0, '!':0, '!':0, '!':0, '!':0, '!':0, '!':0, '!':0, '!':0, '!':0, '!':0, '!':0, '!':0, '!':0, '!':0, '!':0, '!':0, '!':0, '!':0, '!':0, '!':0, '!':0, '!':0, '!':0, '!':0, '!':0, '!':0, '!':0, '!':0, '!':0, '!':0, '!':0, '!':0, '!':0, '!':0, '!':0, '!':0, '!':0, '!':0, '!':0, '!':0, '!':0, '!':0, '!':0, '!':0, '!':0, '!':0, '!':0, '!':0, '!':0, '!':0, '!':0, '!':0, '!':0, '!':0, '!':0, '':104571, '':32945, '':151643, '':77288, '':30534, '':100350, '':105987 ]
[1712729544] n_remain: 43
[1712729544] eval: [ '':105987 ]
[1712729544] n_past = 608
[1712729544] last: [ '!':0, '!':0, '!':0, '!':0, '!':0, '!':0, '!':0, '!':0, '!':0, '!':0, '!':0, '!':0, '!':0, '!':0, '!':0, '!':0, '!':0, '!':0, '!':0, '!':0, '!':0, '!':0, '!':0, '!':0, '!':0, '!':0, '!':0, '!':0, '!':0, '!':0, '!':0, '!':0, '!':0, '!':0, '!':0, '!':0, '!':0, '!':0, '!':0, '!':0, '!':0, '!':0, '!':0, '!':0, '!':0, '!':0, '!':0, '!':0, '!':0, '!':0, '!':0, '!':0, '!':0, '!':0, '!':0, '!':0, '':104571, '':32945, '':151643, '':77288, '':30534, '':100350, '':105987, '':104571 ]
[1712729544] n_remain: 42
[1712729544] eval: [ '':104571 ]
[1712729544] n_past = 609
[1712729544] last: [ '!':0, '!':0, '!':0, '!':0, '!':0, '!':0, '!':0, '!':0, '!':0, '!':0, '!':0, '!':0, '!':0, '!':0, '!':0, '!':0, '!':0, '!':0, '!':0, '!':0, '!':0, '!':0, '!':0, '!':0, '!':0, '!':0, '!':0, '!':0, '!':0, '!':0, '!':0, '!':0, '!':0, '!':0, '!':0, '!':0, '!':0, '!':0, '!':0, '!':0, '!':0, '!':0, '!':0, '!':0, '!':0, '!':0, '!':0, '!':0, '!':0, '!':0, '!':0, '!':0, '!':0, '!':0, '!':0, '':104571, '':32945, '':151643, '':77288, '':30534, '':100350, '':105987, '':104571, '':100684 ]
[1712729544] n_remain: 41
[1712729544] eval: [ '':100684 ]
[1712729544] n_past = 610
[1712729544] last: [ '!':0, '!':0, '!':0, '!':0, '!':0, '!':0, '!':0, '!':0, '!':0, '!':0, '!':0, '!':0, '!':0, '!':0, '!':0, '!':0, '!':0, '!':0, '!':0, '!':0, '!':0, '!':0, '!':0, '!':0, '!':0, '!':0, '!':0, '!':0, '!':0, '!':0, '!':0, '!':0, '!':0, '!':0, '!':0, '!':0, '!':0, '!':0, '!':0, '!':0, '!':0, '!':0, '!':0, '!':0, '!':0, '!':0, '!':0, '!':0, '!':0, '!':0, '!':0, '!':0, '!':0, '!':0, '':104571, '':32945, '':151643, '':77288, '':30534, '':100350, '':105987, '':104571, '':100684, '':100047 ]
[1712729544] n_remain: 40
[1712729544] eval: [ '':100047 ]
[1712729544] n_past = 611
[1712729544] last: [ '!':0, '!':0, '!':0, '!':0, '!':0, '!':0, '!':0, '!':0, '!':0, '!':0, '!':0, '!':0, '!':0, '!':0, '!':0, '!':0, '!':0, '!':0, '!':0, '!':0, '!':0, '!':0, '!':0, '!':0, '!':0, '!':0, '!':0, '!':0, '!':0, '!':0, '!':0, '!':0, '!':0, '!':0, '!':0, '!':0, '!':0, '!':0, '!':0, '!':0, '!':0, '!':0, '!':0, '!':0, '!':0, '!':0, '!':0, '!':0, '!':0, '!':0, '!':0, '!':0, '!':0, '':104571, '':32945, '':151643, '':77288, '':30534, '':100350, '':105987, '':104571, '':100684, '':100047, '':1773 ]
[1712729544] n_remain: 39
[1712729544] eval: [ '':1773 ]
[1712729544] n_past = 612
[1712729544] last: [ '!':0, '!':0, '!':0, '!':0, '!':0, '!':0, '!':0, '!':0, '!':0, '!':0, '!':0, '!':0, '!':0, '!':0, '!':0, '!':0, '!':0, '!':0, '!':0, '!':0, '!':0, '!':0, '!':0, '!':0, '!':0, '!':0, '!':0, '!':0, '!':0, '!':0, '!':0, '!':0, '!':0, '!':0, '!':0, '!':0, '!':0, '!':0, '!':0, '!':0, '!':0, '!':0, '!':0, '!':0, '!':0, '!':0, '!':0, '!':0, '!':0, '!':0, '!':0, '!':0, '':104571, '':32945, '':151643, '':77288, '':30534, '':100350, '':105987, '':104571, '':100684, '':100047, '':1773, '':101886 ]
[1712729544] n_remain: 38
[1712729544] eval: [ '':101886 ]
[1712729544] n_past = 613
[1712729544] last: [ '!':0, '!':0, '!':0, '!':0, '!':0, '!':0, '!':0, '!':0, '!':0, '!':0, '!':0, '!':0, '!':0, '!':0, '!':0, '!':0, '!':0, '!':0, '!':0, '!':0, '!':0, '!':0, '!':0, '!':0, '!':0, '!':0, '!':0, '!':0, '!':0, '!':0, '!':0, '!':0, '!':0, '!':0, '!':0, '!':0, '!':0, '!':0, '!':0, '!':0, '!':0, '!':0, '!':0, '!':0, '!':0, '!':0, '!':0, '!':0, '!':0, '!':0, '!':0, '':104571, '':32945, '':151643, '':77288, '':30534, '':100350, '':105987, '':104571, '':100684, '':100047, '':1773, '':101886, '':3837 ]
[1712729544] n_remain: 37
[1712729544] eval: [ '':3837 ]
[1712729544] n_past = 614
[1712729544] last: [ '!':0, '!':0, '!':0, '!':0, '!':0, '!':0, '!':0, '!':0, '!':0, '!':0, '!':0, '!':0, '!':0, '!':0, '!':0, '!':0, '!':0, '!':0, '!':0, '!':0, '!':0, '!':0, '!':0, '!':0, '!':0, '!':0, '!':0, '!':0, '!':0, '!':0, '!':0, '!':0, '!':0, '!':0, '!':0, '!':0, '!':0, '!':0, '!':0, '!':0, '!':0, '!':0, '!':0, '!':0, '!':0, '!':0, '!':0, '!':0, '!':0, '!':0, '':104571, '':32945, '':151643, '':77288, '':30534, '':100350, '':105987, '':104571, '':100684, '':100047, '':1773, '':101886, '':3837, '':97639 ]
[1712729544] n_remain: 36
[1712729544] eval: [ '':97639 ]
[1712729544] n_past = 615
[1712729544] last: [ '!':0, '!':0, '!':0, '!':0, '!':0, '!':0, '!':0, '!':0, '!':0, '!':0, '!':0, '!':0, '!':0, '!':0, '!':0, '!':0, '!':0, '!':0, '!':0, '!':0, '!':0, '!':0, '!':0, '!':0, '!':0, '!':0, '!':0, '!':0, '!':0, '!':0, '!':0, '!':0, '!':0, '!':0, '!':0, '!':0, '!':0, '!':0, '!':0, '!':0, '!':0, '!':0, '!':0, '!':0, '!':0, '!':0, '!':0, '!':0, '!':0, '':104571, '':32945, '':151643, '':77288, '':30534, '':100350, '':105987, '':104571, '':100684, '':100047, '':1773, '':101886, '':3837, '':97639, '':105078 ]
[1712729544] n_remain: 35
[1712729544] eval: [ '':105078 ]
[1712729544] n_past = 616
[1712729544] last: [ '!':0, '!':0, '!':0, '!':0, '!':0, '!':0, '!':0, '!':0, '!':0, '!':0, '!':0, '!':0, '!':0, '!':0, '!':0, '!':0, '!':0, '!':0, '!':0, '!':0, '!':0, '!':0, '!':0, '!':0, '!':0, '!':0, '!':0, '!':0, '!':0, '!':0, '!':0, '!':0, '!':0, '!':0, '!':0, '!':0, '!':0, '!':0, '!':0, '!':0, '!':0, '!':0, '!':0, '!':0, '!':0, '!':0, '!':0, '!':0, '':104571, '':32945, '':151643, '':77288, '':30534, '':100350, '':105987, '':104571, '':100684, '':100047, '':1773, '':101886, '':3837, '':97639, '':105078, '':101066 ]
[1712729544] n_remain: 34
[1712729544] eval: [ '':101066 ]
[1712729544] n_past = 617
[1712729544] last: [ '!':0, '!':0, '!':0, '!':0, '!':0, '!':0, '!':0, '!':0, '!':0, '!':0, '!':0, '!':0, '!':0, '!':0, '!':0, '!':0, '!':0, '!':0, '!':0, '!':0, '!':0, '!':0, '!':0, '!':0, '!':0, '!':0, '!':0, '!':0, '!':0, '!':0, '!':0, '!':0, '!':0, '!':0, '!':0, '!':0, '!':0, '!':0, '!':0, '!':0, '!':0, '!':0, '!':0, '!':0, '!':0, '!':0, '!':0, '':104571, '':32945, '':151643, '':77288, '':30534, '':100350, '':105987, '':104571, '':100684, '':100047, '':1773, '':101886, '':3837, '':97639, '':105078, '':101066, '':104009 ]
[1712729544] n_remain: 33
[1712729544] eval: [ '':104009 ]
[1712729544] n_past = 618
[1712729544] last: [ '!':0, '!':0, '!':0, '!':0, '!':0, '!':0, '!':0, '!':0, '!':0, '!':0, '!':0, '!':0, '!':0, '!':0, '!':0, '!':0, '!':0, '!':0, '!':0, '!':0, '!':0, '!':0, '!':0, '!':0, '!':0, '!':0, '!':0, '!':0, '!':0, '!':0, '!':0, '!':0, '!':0, '!':0, '!':0, '!':0, '!':0, '!':0, '!':0, '!':0, '!':0, '!':0, '!':0, '!':0, '!':0, '!':0, '':104571, '':32945, '':151643, '':77288, '':30534, '':100350, '':105987, '':104571, '':100684, '':100047, '':1773, '':101886, '':3837, '':97639, '':105078, '':101066, '':104009, '':103952 ]
[1712729544] n_remain: 32
[1712729544] eval: [ '':103952 ]
[1712729544] n_past = 619
[1712729544] last: [ '!':0, '!':0, '!':0, '!':0, '!':0, '!':0, '!':0, '!':0, '!':0, '!':0, '!':0, '!':0, '!':0, '!':0, '!':0, '!':0, '!':0, '!':0, '!':0, '!':0, '!':0, '!':0, '!':0, '!':0, '!':0, '!':0, '!':0, '!':0, '!':0, '!':0, '!':0, '!':0, '!':0, '!':0, '!':0, '!':0, '!':0, '!':0, '!':0, '!':0, '!':0, '!':0, '!':0, '!':0, '!':0, '':104571, '':32945, '':151643, '':77288, '':30534, '':100350, '':105987, '':104571, '':100684, '':100047, '':1773, '':101886, '':3837, '':97639, '':105078, '':101066, '':104009, '':103952, '':99719 ]
[1712729544] n_remain: 31
[1712729544] eval: [ '':99719 ]
[1712729544] n_past = 620
[1712729544] last: [ '!':0, '!':0, '!':0, '!':0, '!':0, '!':0, '!':0, '!':0, '!':0, '!':0, '!':0, '!':0, '!':0, '!':0, '!':0, '!':0, '!':0, '!':0, '!':0, '!':0, '!':0, '!':0, '!':0, '!':0, '!':0, '!':0, '!':0, '!':0, '!':0, '!':0, '!':0, '!':0, '!':0, '!':0, '!':0, '!':0, '!':0, '!':0, '!':0, '!':0, '!':0, '!':0, '!':0, '!':0, '':104571, '':32945, '':151643, '':77288, '':30534, '':100350, '':105987, '':104571, '':100684, '':100047, '':1773, '':101886, '':3837, '':97639, '':105078, '':101066, '':104009, '':103952, '':99719, '':3837 ]
[1712729544] n_remain: 30
[1712729544] eval: [ '':3837 ]
[1712729544] n_past = 621
[1712729544] last: [ '!':0, '!':0, '!':0, '!':0, '!':0, '!':0, '!':0, '!':0, '!':0, '!':0, '!':0, '!':0, '!':0, '!':0, '!':0, '!':0, '!':0, '!':0, '!':0, '!':0, '!':0, '!':0, '!':0, '!':0, '!':0, '!':0, '!':0, '!':0, '!':0, '!':0, '!':0, '!':0, '!':0, '!':0, '!':0, '!':0, '!':0, '!':0, '!':0, '!':0, '!':0, '!':0, '!':0, '':104571, '':32945, '':151643, '':77288, '':30534, '':100350, '':105987, '':104571, '':100684, '':100047, '':1773, '':101886, '':3837, '':97639, '':105078, '':101066, '':104009, '':103952, '':99719, '':3837, '':32555 ]
[1712729544] n_remain: 29
[1712729544] eval: [ '':32555 ]
[1712729544] n_past = 622
[1712729544] last: [ '!':0, '!':0, '!':0, '!':0, '!':0, '!':0, '!':0, '!':0, '!':0, '!':0, '!':0, '!':0, '!':0, '!':0, '!':0, '!':0, '!':0, '!':0, '!':0, '!':0, '!':0, '!':0, '!':0, '!':0, '!':0, '!':0, '!':0, '!':0, '!':0, '!':0, '!':0, '!':0, '!':0, '!':0, '!':0, '!':0, '!':0, '!':0, '!':0, '!':0, '!':0, '!':0, '':104571, '':32945, '':151643, '':77288, '':30534, '':100350, '':105987, '':104571, '':100684, '':100047, '':1773, '':101886, '':3837, '':97639, '':105078, '':101066, '':104009, '':103952, '':99719, '':3837, '':32555, '':55338 ]
[1712729544] n_remain: 28
[1712729544] eval: [ '':55338 ]
[1712729544] n_past = 623
[1712729544] last: [ '!':0, '!':0, '!':0, '!':0, '!':0, '!':0, '!':0, '!':0, '!':0, '!':0, '!':0, '!':0, '!':0, '!':0, '!':0, '!':0, '!':0, '!':0, '!':0, '!':0, '!':0, '!':0, '!':0, '!':0, '!':0, '!':0, '!':0, '!':0, '!':0, '!':0, '!':0, '!':0, '!':0, '!':0, '!':0, '!':0, '!':0, '!':0, '!':0, '!':0, '!':0, '':104571, '':32945, '':151643, '':77288, '':30534, '':100350, '':105987, '':104571, '':100684, '':100047, '':1773, '':101886, '':3837, '':97639, '':105078, '':101066, '':104009, '':103952, '':99719, '':3837, '':32555, '':55338, '':103947 ]
[1712729544] n_remain: 27
[1712729544] eval: [ '':103947 ]
[1712729544] n_past = 624
[1712729544] last: [ '!':0, '!':0, '!':0, '!':0, '!':0, '!':0, '!':0, '!':0, '!':0, '!':0, '!':0, '!':0, '!':0, '!':0, '!':0, '!':0, '!':0, '!':0, '!':0, '!':0, '!':0, '!':0, '!':0, '!':0, '!':0, '!':0, '!':0, '!':0, '!':0, '!':0, '!':0, '!':0, '!':0, '!':0, '!':0, '!':0, '!':0, '!':0, '!':0, '!':0, '':104571, '':32945, '':151643, '':77288, '':30534, '':100350, '':105987, '':104571, '':100684, '':100047, '':1773, '':101886, '':3837, '':97639, '':105078, '':101066, '':104009, '':103952, '':99719, '':3837, '':32555, '':55338, '':103947, '':101135 ]
[1712729544] n_remain: 26
[1712729544] eval: [ '':101135 ]
[1712729544] n_past = 625
[1712729544] last: [ '!':0, '!':0, '!':0, '!':0, '!':0, '!':0, '!':0, '!':0, '!':0, '!':0, '!':0, '!':0, '!':0, '!':0, '!':0, '!':0, '!':0, '!':0, '!':0, '!':0, '!':0, '!':0, '!':0, '!':0, '!':0, '!':0, '!':0, '!':0, '!':0, '!':0, '!':0, '!':0, '!':0, '!':0, '!':0, '!':0, '!':0, '!':0, '!':0, '':104571, '':32945, '':151643, '':77288, '':30534, '':100350, '':105987, '':104571, '':100684, '':100047, '':1773, '':101886, '':3837, '':97639, '':105078, '':101066, '':104009, '':103952, '':99719, '':3837, '':32555, '':55338, '':103947, '':101135, '':105987 ]
[1712729544] n_remain: 25
[1712729544] eval: [ '':105987 ]
[1712729544] n_past = 626
[1712729544] last: [ '!':0, '!':0, '!':0, '!':0, '!':0, '!':0, '!':0, '!':0, '!':0, '!':0, '!':0, '!':0, '!':0, '!':0, '!':0, '!':0, '!':0, '!':0, '!':0, '!':0, '!':0, '!':0, '!':0, '!':0, '!':0, '!':0, '!':0, '!':0, '!':0, '!':0, '!':0, '!':0, '!':0, '!':0, '!':0, '!':0, '!':0, '!':0, '':104571, '':32945, '':151643, '':77288, '':30534, '':100350, '':105987, '':104571, '':100684, '':100047, '':1773, '':101886, '':3837, '':97639, '':105078, '':101066, '':104009, '':103952, '':99719, '':3837, '':32555, '':55338, '':103947, '':101135, '':105987, '':1773 ]
[1712729544] n_remain: 24
[1712729544] eval: [ '':1773 ]
[1712729544] n_past = 627
[1712729544] last: [ '!':0, '!':0, '!':0, '!':0, '!':0, '!':0, '!':0, '!':0, '!':0, '!':0, '!':0, '!':0, '!':0, '!':0, '!':0, '!':0, '!':0, '!':0, '!':0, '!':0, '!':0, '!':0, '!':0, '!':0, '!':0, '!':0, '!':0, '!':0, '!':0, '!':0, '!':0, '!':0, '!':0, '!':0, '!':0, '!':0, '!':0, '':104571, '':32945, '':151643, '':77288, '':30534, '':100350, '':105987, '':104571, '':100684, '':100047, '':1773, '':101886, '':3837, '':97639, '':105078, '':101066, '':104009, '':103952, '':99719, '':3837, '':32555, '':55338, '':103947, '':101135, '':105987, '':1773, '':97639 ]
[1712729544] n_remain: 23
[1712729544] eval: [ '':97639 ]
[1712729544] n_past = 628
[1712729544] last: [ '!':0, '!':0, '!':0, '!':0, '!':0, '!':0, '!':0, '!':0, '!':0, '!':0, '!':0, '!':0, '!':0, '!':0, '!':0, '!':0, '!':0, '!':0, '!':0, '!':0, '!':0, '!':0, '!':0, '!':0, '!':0, '!':0, '!':0, '!':0, '!':0, '!':0, '!':0, '!':0, '!':0, '!':0, '!':0, '!':0, '':104571, '':32945, '':151643, '':77288, '':30534, '':100350, '':105987, '':104571, '':100684, '':100047, '':1773, '':101886, '':3837, '':97639, '':105078, '':101066, '':104009, '':103952, '':99719, '':3837, '':32555, '':55338, '':103947, '':101135, '':105987, '':1773, '':97639, '':105078 ]
[1712729544] n_remain: 22
[1712729544] eval: [ '':105078 ]
[1712729544] n_past = 629
[1712729544] last: [ '!':0, '!':0, '!':0, '!':0, '!':0, '!':0, '!':0, '!':0, '!':0, '!':0, '!':0, '!':0, '!':0, '!':0, '!':0, '!':0, '!':0, '!':0, '!':0, '!':0, '!':0, '!':0, '!':0, '!':0, '!':0, '!':0, '!':0, '!':0, '!':0, '!':0, '!':0, '!':0, '!':0, '!':0, '!':0, '':104571, '':32945, '':151643, '':77288, '':30534, '':100350, '':105987, '':104571, '':100684, '':100047, '':1773, '':101886, '':3837, '':97639, '':105078, '':101066, '':104009, '':103952, '':99719, '':3837, '':32555, '':55338, '':103947, '':101135, '':105987, '':1773, '':97639, '':105078, '':101066 ]
[1712729544] n_remain: 21
[1712729544] eval: [ '':101066 ]
[1712729544] n_past = 630
[1712729544] last: [ '!':0, '!':0, '!':0, '!':0, '!':0, '!':0, '!':0, '!':0, '!':0, '!':0, '!':0, '!':0, '!':0, '!':0, '!':0, '!':0, '!':0, '!':0, '!':0, '!':0, '!':0, '!':0, '!':0, '!':0, '!':0, '!':0, '!':0, '!':0, '!':0, '!':0, '!':0, '!':0, '!':0, '!':0, '':104571, '':32945, '':151643, '':77288, '':30534, '':100350, '':105987, '':104571, '':100684, '':100047, '':1773, '':101886, '':3837, '':97639, '':105078, '':101066, '':104009, '':103952, '':99719, '':3837, '':32555, '':55338, '':103947, '':101135, '':105987, '':1773, '':97639, '':105078, '':101066, '':104009 ]
[1712729544] n_remain: 20
[1712729544] eval: [ '':104009 ]
[1712729544] n_past = 631
[1712729544] last: [ '!':0, '!':0, '!':0, '!':0, '!':0, '!':0, '!':0, '!':0, '!':0, '!':0, '!':0, '!':0, '!':0, '!':0, '!':0, '!':0, '!':0, '!':0, '!':0, '!':0, '!':0, '!':0, '!':0, '!':0, '!':0, '!':0, '!':0, '!':0, '!':0, '!':0, '!':0, '!':0, '!':0, '':104571, '':32945, '':151643, '':77288, '':30534, '':100350, '':105987, '':104571, '':100684, '':100047, '':1773, '':101886, '':3837, '':97639, '':105078, '':101066, '':104009, '':103952, '':99719, '':3837, '':32555, '':55338, '':103947, '':101135, '':105987, '':1773, '':97639, '':105078, '':101066, '':104009, '':103952 ]
[1712729544] n_remain: 19
[1712729544] eval: [ '':103952 ]
[1712729544] n_past = 632
[1712729544] last: [ '!':0, '!':0, '!':0, '!':0, '!':0, '!':0, '!':0, '!':0, '!':0, '!':0, '!':0, '!':0, '!':0, '!':0, '!':0, '!':0, '!':0, '!':0, '!':0, '!':0, '!':0, '!':0, '!':0, '!':0, '!':0, '!':0, '!':0, '!':0, '!':0, '!':0, '!':0, '!':0, '':104571, '':32945, '':151643, '':77288, '':30534, '':100350, '':105987, '':104571, '':100684, '':100047, '':1773, '':101886, '':3837, '':97639, '':105078, '':101066, '':104009, '':103952, '':99719, '':3837, '':32555, '':55338, '':103947, '':101135, '':105987, '':1773, '':97639, '':105078, '':101066, '':104009, '':103952, '':99719 ]
[1712729544] n_remain: 18
[1712729544] eval: [ '':99719 ]
[1712729544] n_past = 633
[1712729544] last: [ '!':0, '!':0, '!':0, '!':0, '!':0, '!':0, '!':0, '!':0, '!':0, '!':0, '!':0, '!':0, '!':0, '!':0, '!':0, '!':0, '!':0, '!':0, '!':0, '!':0, '!':0, '!':0, '!':0, '!':0, '!':0, '!':0, '!':0, '!':0, '!':0, '!':0, '!':0, '':104571, '':32945, '':151643, '':77288, '':30534, '':100350, '':105987, '':104571, '':100684, '':100047, '':1773, '':101886, '':3837, '':97639, '':105078, '':101066, '':104009, '':103952, '':99719, '':3837, '':32555, '':55338, '':103947, '':101135, '':105987, '':1773, '':97639, '':105078, '':101066, '':104009, '':103952, '':99719, '':3837 ]
[1712729544] n_remain: 17
[1712729544] eval: [ '':3837 ]
[1712729544] n_past = 634
[1712729544] last: [ '!':0, '!':0, '!':0, '!':0, '!':0, '!':0, '!':0, '!':0, '!':0, '!':0, '!':0, '!':0, '!':0, '!':0, '!':0, '!':0, '!':0, '!':0, '!':0, '!':0, '!':0, '!':0, '!':0, '!':0, '!':0, '!':0, '!':0, '!':0, '!':0, '!':0, '':104571, '':32945, '':151643, '':77288, '':30534, '':100350, '':105987, '':104571, '':100684, '':100047, '':1773, '':101886, '':3837, '':97639, '':105078, '':101066, '':104009, '':103952, '':99719, '':3837, '':32555, '':55338, '':103947, '':101135, '':105987, '':1773, '':97639, '':105078, '':101066, '':104009, '':103952, '':99719, '':3837, '':32555 ]
[1712729544] n_remain: 16
[1712729544] eval: [ '':32555 ]
[1712729544] n_past = 635
[1712729544] last: [ '!':0, '!':0, '!':0, '!':0, '!':0, '!':0, '!':0, '!':0, '!':0, '!':0, '!':0, '!':0, '!':0, '!':0, '!':0, '!':0, '!':0, '!':0, '!':0, '!':0, '!':0, '!':0, '!':0, '!':0, '!':0, '!':0, '!':0, '!':0, '!':0, '':104571, '':32945, '':151643, '':77288, '':30534, '':100350, '':105987, '':104571, '':100684, '':100047, '':1773, '':101886, '':3837, '':97639, '':105078, '':101066, '':104009, '':103952, '':99719, '':3837, '':32555, '':55338, '':103947, '':101135, '':105987, '':1773, '':97639, '':105078, '':101066, '':104009, '':103952, '':99719, '':3837, '':32555, '':55338 ]
[1712729544] n_remain: 15
[1712729544] eval: [ '':55338 ]
[1712729544] n_past = 636
[1712729544] last: [ '!':0, '!':0, '!':0, '!':0, '!':0, '!':0, '!':0, '!':0, '!':0, '!':0, '!':0, '!':0, '!':0, '!':0, '!':0, '!':0, '!':0, '!':0, '!':0, '!':0, '!':0, '!':0, '!':0, '!':0, '!':0, '!':0, '!':0, '!':0, '':104571, '':32945, '':151643, '':77288, '':30534, '':100350, '':105987, '':104571, '':100684, '':100047, '':1773, '':101886, '':3837, '':97639, '':105078, '':101066, '':104009, '':103952, '':99719, '':3837, '':32555, '':55338, '':103947, '':101135, '':105987, '':1773, '':97639, '':105078, '':101066, '':104009, '':103952, '':99719, '':3837, '':32555, '':55338, '':103947 ]
[1712729544] n_remain: 14
[1712729544] eval: [ '':103947 ]
[1712729544] n_past = 637
[1712729544] last: [ '!':0, '!':0, '!':0, '!':0, '!':0, '!':0, '!':0, '!':0, '!':0, '!':0, '!':0, '!':0, '!':0, '!':0, '!':0, '!':0, '!':0, '!':0, '!':0, '!':0, '!':0, '!':0, '!':0, '!':0, '!':0, '!':0, '!':0, '':104571, '':32945, '':151643, '':77288, '':30534, '':100350, '':105987, '':104571, '':100684, '':100047, '':1773, '':101886, '':3837, '':97639, '':105078, '':101066, '':104009, '':103952, '':99719, '':3837, '':32555, '':55338, '':103947, '':101135, '':105987, '':1773, '':97639, '':105078, '':101066, '':104009, '':103952, '':99719, '':3837, '':32555, '':55338, '':103947, '':101135 ]
[1712729544] n_remain: 13
[1712729544] eval: [ '':101135 ]
[1712729544] n_past = 638
[1712729544] last: [ '!':0, '!':0, '!':0, '!':0, '!':0, '!':0, '!':0, '!':0, '!':0, '!':0, '!':0, '!':0, '!':0, '!':0, '!':0, '!':0, '!':0, '!':0, '!':0, '!':0, '!':0, '!':0, '!':0, '!':0, '!':0, '!':0, '':104571, '':32945, '':151643, '':77288, '':30534, '':100350, '':105987, '':104571, '':100684, '':100047, '':1773, '':101886, '':3837, '':97639, '':105078, '':101066, '':104009, '':103952, '':99719, '':3837, '':32555, '':55338, '':103947, '':101135, '':105987, '':1773, '':97639, '':105078, '':101066, '':104009, '':103952, '':99719, '':3837, '':32555, '':55338, '':103947, '':101135, '':105987 ]
[1712729544] n_remain: 12
[1712729544] eval: [ '':105987 ]
[1712729544] n_past = 639
[1712729544] last: [ '!':0, '!':0, '!':0, '!':0, '!':0, '!':0, '!':0, '!':0, '!':0, '!':0, '!':0, '!':0, '!':0, '!':0, '!':0, '!':0, '!':0, '!':0, '!':0, '!':0, '!':0, '!':0, '!':0, '!':0, '!':0, '':104571, '':32945, '':151643, '':77288, '':30534, '':100350, '':105987, '':104571, '':100684, '':100047, '':1773, '':101886, '':3837, '':97639, '':105078, '':101066, '':104009, '':103952, '':99719, '':3837, '':32555, '':55338, '':103947, '':101135, '':105987, '':1773, '':97639, '':105078, '':101066, '':104009, '':103952, '':99719, '':3837, '':32555, '':55338, '':103947, '':101135, '':105987, '':1773 ]
[1712729544] n_remain: 11
[1712729544] eval: [ '':1773 ]
[1712729544] n_past = 640
[1712729544] last: [ '!':0, '!':0, '!':0, '!':0, '!':0, '!':0, '!':0, '!':0, '!':0, '!':0, '!':0, '!':0, '!':0, '!':0, '!':0, '!':0, '!':0, '!':0, '!':0, '!':0, '!':0, '!':0, '!':0, '!':0, '':104571, '':32945, '':151643, '':77288, '':30534, '':100350, '':105987, '':104571, '':100684, '':100047, '':1773, '':101886, '':3837, '':97639, '':105078, '':101066, '':104009, '':103952, '':99719, '':3837, '':32555, '':55338, '':103947, '':101135, '':105987, '':1773, '':97639, '':105078, '':101066, '':104009, '':103952, '':99719, '':3837, '':32555, '':55338, '':103947, '':101135, '':105987, '':1773, '':97639 ]
[1712729544] n_remain: 10
[1712729544] context full, swapping: n_past = 640, n_left = 73, n_ctx = 640, n_keep = 567, n_discard = 36
[1712729544] after swap: n_past = 604, n_past_guidance = 0
[1712729544] embd: [ '':97639 ]
[1712729544] clear session path
[1712729544] eval: [ '':97639 ]
[1712729544] n_past = 605
[1712729544] last: [ '!':0, '!':0, '!':0, '!':0, '!':0, '!':0, '!':0, '!':0, '!':0, '!':0, '!':0, '!':0, '!':0, '!':0, '!':0, '!':0, '!':0, '!':0, '!':0, '!':0, '!':0, '!':0, '!':0, '':104571, '':32945, '':151643, '':77288, '':30534, '':100350, '':105987, '':104571, '':100684, '':100047, '':1773, '':101886, '':3837, '':97639, '':105078, '':101066, '':104009, '':103952, '':99719, '':3837, '':32555, '':55338, '':103947, '':101135, '':105987, '':1773, '':97639, '':105078, '':101066, '':104009, '':103952, '':99719, '':3837, '':32555, '':55338, '':103947, '':101135, '':105987, '':1773, '':97639, '':105078 ]
[1712729544] n_remain: 9
[1712729544] eval: [ '':105078 ]
[1712729544] n_past = 606
[1712729544] last: [ '!':0, '!':0, '!':0, '!':0, '!':0, '!':0, '!':0, '!':0, '!':0, '!':0, '!':0, '!':0, '!':0, '!':0, '!':0, '!':0, '!':0, '!':0, '!':0, '!':0, '!':0, '!':0, '':104571, '':32945, '':151643, '':77288, '':30534, '':100350, '':105987, '':104571, '':100684, '':100047, '':1773, '':101886, '':3837, '':97639, '':105078, '':101066, '':104009, '':103952, '':99719, '':3837, '':32555, '':55338, '':103947, '':101135, '':105987, '':1773, '':97639, '':105078, '':101066, '':104009, '':103952, '':99719, '':3837, '':32555, '':55338, '':103947, '':101135, '':105987, '':1773, '':97639, '':105078, '':101066 ]
[1712729544] n_remain: 8
[1712729544] eval: [ '':101066 ]
[1712729544] n_past = 607
[1712729544] last: [ '!':0, '!':0, '!':0, '!':0, '!':0, '!':0, '!':0, '!':0, '!':0, '!':0, '!':0, '!':0, '!':0, '!':0, '!':0, '!':0, '!':0, '!':0, '!':0, '!':0, '!':0, '':104571, '':32945, '':151643, '':77288, '':30534, '':100350, '':105987, '':104571, '':100684, '':100047, '':1773, '':101886, '':3837, '':97639, '':105078, '':101066, '':104009, '':103952, '':99719, '':3837, '':32555, '':55338, '':103947, '':101135, '':105987, '':1773, '':97639, '':105078, '':101066, '':104009, '':103952, '':99719, '':3837, '':32555, '':55338, '':103947, '':101135, '':105987, '':1773, '':97639, '':105078, '':101066, '':104009 ]
[1712729544] n_remain: 7
[1712729544] eval: [ '':104009 ]
[1712729544] n_past = 608
[1712729544] last: [ '!':0, '!':0, '!':0, '!':0, '!':0, '!':0, '!':0, '!':0, '!':0, '!':0, '!':0, '!':0, '!':0, '!':0, '!':0, '!':0, '!':0, '!':0, '!':0, '!':0, '':104571, '':32945, '':151643, '':77288, '':30534, '':100350, '':105987, '':104571, '':100684, '':100047, '':1773, '':101886, '':3837, '':97639, '':105078, '':101066, '':104009, '':103952, '':99719, '':3837, '':32555, '':55338, '':103947, '':101135, '':105987, '':1773, '':97639, '':105078, '':101066, '':104009, '':103952, '':99719, '':3837, '':32555, '':55338, '':103947, '':101135, '':105987, '':1773, '':97639, '':105078, '':101066, '':104009, '':103952 ]
[1712729544] n_remain: 6
[1712729544] eval: [ '':103952 ]
[1712729544] n_past = 609
[1712729544] last: [ '!':0, '!':0, '!':0, '!':0, '!':0, '!':0, '!':0, '!':0, '!':0, '!':0, '!':0, '!':0, '!':0, '!':0, '!':0, '!':0, '!':0, '!':0, '!':0, '':104571, '':32945, '':151643, '':77288, '':30534, '':100350, '':105987, '':104571, '':100684, '':100047, '':1773, '':101886, '':3837, '':97639, '':105078, '':101066, '':104009, '':103952, '':99719, '':3837, '':32555, '':55338, '':103947, '':101135, '':105987, '':1773, '':97639, '':105078, '':101066, '':104009, '':103952, '':99719, '':3837, '':32555, '':55338, '':103947, '':101135, '':105987, '':1773, '':97639, '':105078, '':101066, '':104009, '':103952, '':99719 ]
[1712729544] n_remain: 5
[1712729544] eval: [ '':99719 ]
[1712729544] n_past = 610
[1712729544] last: [ '!':0, '!':0, '!':0, '!':0, '!':0, '!':0, '!':0, '!':0, '!':0, '!':0, '!':0, '!':0, '!':0, '!':0, '!':0, '!':0, '!':0, '!':0, '':104571, '':32945, '':151643, '':77288, '':30534, '':100350, '':105987, '':104571, '':100684, '':100047, '':1773, '':101886, '':3837, '':97639, '':105078, '':101066, '':104009, '':103952, '':99719, '':3837, '':32555, '':55338, '':103947, '':101135, '':105987, '':1773, '':97639, '':105078, '':101066, '':104009, '':103952, '':99719, '':3837, '':32555, '':55338, '':103947, '':101135, '':105987, '':1773, '':97639, '':105078, '':101066, '':104009, '':103952, '':99719, '':3837 ]
[1712729544] n_remain: 4
[1712729544] eval: [ '':3837 ]
[1712729544] n_past = 611
[1712729544] last: [ '!':0, '!':0, '!':0, '!':0, '!':0, '!':0, '!':0, '!':0, '!':0, '!':0, '!':0, '!':0, '!':0, '!':0, '!':0, '!':0, '!':0, '':104571, '':32945, '':151643, '':77288, '':30534, '':100350, '':105987, '':104571, '':100684, '':100047, '':1773, '':101886, '':3837, '':97639, '':105078, '':101066, '':104009, '':103952, '':99719, '':3837, '':32555, '':55338, '':103947, '':101135, '':105987, '':1773, '':97639, '':105078, '':101066, '':104009, '':103952, '':99719, '':3837, '':32555, '':55338, '':103947, '':101135, '':105987, '':1773, '':97639, '':105078, '':101066, '':104009, '':103952, '':99719, '':3837, '':32555 ]
[1712729544] n_remain: 3
[1712729544] eval: [ '':32555 ]
[1712729544] n_past = 612
[1712729544] last: [ '!':0, '!':0, '!':0, '!':0, '!':0, '!':0, '!':0, '!':0, '!':0, '!':0, '!':0, '!':0, '!':0, '!':0, '!':0, '!':0, '':104571, '':32945, '':151643, '':77288, '':30534, '':100350, '':105987, '':104571, '':100684, '':100047, '':1773, '':101886, '':3837, '':97639, '':105078, '':101066, '':104009, '':103952, '':99719, '':3837, '':32555, '':55338, '':103947, '':101135, '':105987, '':1773, '':97639, '':105078, '':101066, '':104009, '':103952, '':99719, '':3837, '':32555, '':55338, '':103947, '':101135, '':105987, '':1773, '':97639, '':105078, '':101066, '':104009, '':103952, '':99719, '':3837, '':32555, '':55338 ]
[1712729544] n_remain: 2
[1712729544] eval: [ '':55338 ]
[1712729544] n_past = 613
[1712729544] last: [ '!':0, '!':0, '!':0, '!':0, '!':0, '!':0, '!':0, '!':0, '!':0, '!':0, '!':0, '!':0, '!':0, '!':0, '!':0, '':104571, '':32945, '':151643, '':77288, '':30534, '':100350, '':105987, '':104571, '':100684, '':100047, '':1773, '':101886, '':3837, '':97639, '':105078, '':101066, '':104009, '':103952, '':99719, '':3837, '':32555, '':55338, '':103947, '':101135, '':105987, '':1773, '':97639, '':105078, '':101066, '':104009, '':103952, '':99719, '':3837, '':32555, '':55338, '':103947, '':101135, '':105987, '':1773, '':97639, '':105078, '':101066, '':104009, '':103952, '':99719, '':3837, '':32555, '':55338, '':103947 ]
[1712729544] n_remain: 1
[1712729544] eval: [ '':103947 ]
[1712729544] n_past = 614
[1712729544] last: [ '!':0, '!':0, '!':0, '!':0, '!':0, '!':0, '!':0, '!':0, '!':0, '!':0, '!':0, '!':0, '!':0, '!':0, '':104571, '':32945, '':151643, '':77288, '':30534, '':100350, '':105987, '':104571, '':100684, '':100047, '':1773, '':101886, '':3837, '':97639, '':105078, '':101066, '':104009, '':103952, '':99719, '':3837, '':32555, '':55338, '':103947, '':101135, '':105987, '':1773, '':97639, '':105078, '':101066, '':104009, '':103952, '':99719, '':3837, '':32555, '':55338, '':103947, '':101135, '':105987, '':1773, '':97639, '':105078, '':101066, '':104009, '':103952, '':99719, '':3837, '':32555, '':55338, '':103947, '':101135 ]
[1712729544] n_remain: 0
[1712729544] eval: [ '':101135 ]
[1712729544] n_past = 615
[1712729544] embd_inp.size(): 567, n_consumed: 567
[1712729544] waiting for user input
[1712729545] empty line, passing control back
[1712729545] last: [ '!':0, '!':0, '!':0, '!':0, '!':0, '!':0, '!':0, '!':0, '!':0, '!':0, '!':0, '!':0, '!':0, '!':0, '!':0, '!':0, '!':0, '!':0, '!':0, '!':0, '!':0, '!':0, '!':0, '!':0, '!':0, '!':0, '!':0, '!':0, '!':0, '!':0, '!':0, '!':0, '!':0, '!':0, '!':0, '!':0, '!':0, '!':0, '!':0, '!':0, '!':0, '!':0, '!':0, '!':0, '!':0, '!':0, '!':0, '!':0, '!':0, '!':0, '!':0, '!':0, '!':0, '!':0, '!':0, '!':0, '!':0, '!':0, '!':0, '!':0, '!':0, '!':0, '!':0, '':105987 ]
[1712729545] n_remain: 49
[1712729545] eval: [ '':105987 ]
[1712729545] n_past = 616
[1712729545] last: [ '!':0, '!':0, '!':0, '!':0, '!':0, '!':0, '!':0, '!':0, '!':0, '!':0, '!':0, '!':0, '!':0, '!':0, '!':0, '!':0, '!':0, '!':0, '!':0, '!':0, '!':0, '!':0, '!':0, '!':0, '!':0, '!':0, '!':0, '!':0, '!':0, '!':0, '!':0, '!':0, '!':0, '!':0, '!':0, '!':0, '!':0, '!':0, '!':0, '!':0, '!':0, '!':0, '!':0, '!':0, '!':0, '!':0, '!':0, '!':0, '!':0, '!':0, '!':0, '!':0, '!':0, '!':0, '!':0, '!':0, '!':0, '!':0, '!':0, '!':0, '!':0, '!':0, '':105987, '':1773 ]
[1712729545] n_remain: 48
[1712729545] eval: [ '':1773 ]
[1712729545] n_past = 617
[1712729545] last: [ '!':0, '!':0, '!':0, '!':0, '!':0, '!':0, '!':0, '!':0, '!':0, '!':0, '!':0, '!':0, '!':0, '!':0, '!':0, '!':0, '!':0, '!':0, '!':0, '!':0, '!':0, '!':0, '!':0, '!':0, '!':0, '!':0, '!':0, '!':0, '!':0, '!':0, '!':0, '!':0, '!':0, '!':0, '!':0, '!':0, '!':0, '!':0, '!':0, '!':0, '!':0, '!':0, '!':0, '!':0, '!':0, '!':0, '!':0, '!':0, '!':0, '!':0, '!':0, '!':0, '!':0, '!':0, '!':0, '!':0, '!':0, '!':0, '!':0, '!':0, '!':0, '':105987, '':1773, '':97639 ]
[1712729545] n_remain: 47
[1712729545] eval: [ '':97639 ]
[1712729545] n_past = 618
[1712729545] last: [ '!':0, '!':0, '!':0, '!':0, '!':0, '!':0, '!':0, '!':0, '!':0, '!':0, '!':0, '!':0, '!':0, '!':0, '!':0, '!':0, '!':0, '!':0, '!':0, '!':0, '!':0, '!':0, '!':0, '!':0, '!':0, '!':0, '!':0, '!':0, '!':0, '!':0, '!':0, '!':0, '!':0, '!':0, '!':0, '!':0, '!':0, '!':0, '!':0, '!':0, '!':0, '!':0, '!':0, '!':0, '!':0, '!':0, '!':0, '!':0, '!':0, '!':0, '!':0, '!':0, '!':0, '!':0, '!':0, '!':0, '!':0, '!':0, '!':0, '!':0, '':105987, '':1773, '':97639, '':105078 ]
[1712729545] n_remain: 46
[1712729545] eval: [ '':105078 ]
[1712729545] n_past = 619
[1712729545] last: [ '!':0, '!':0, '!':0, '!':0, '!':0, '!':0, '!':0, '!':0, '!':0, '!':0, '!':0, '!':0, '!':0, '!':0, '!':0, '!':0, '!':0, '!':0, '!':0, '!':0, '!':0, '!':0, '!':0, '!':0, '!':0, '!':0, '!':0, '!':0, '!':0, '!':0, '!':0, '!':0, '!':0, '!':0, '!':0, '!':0, '!':0, '!':0, '!':0, '!':0, '!':0, '!':0, '!':0, '!':0, '!':0, '!':0, '!':0, '!':0, '!':0, '!':0, '!':0, '!':0, '!':0, '!':0, '!':0, '!':0, '!':0, '!':0, '!':0, '':105987, '':1773, '':97639, '':105078, '':101066 ]
[1712729545] n_remain: 45
[1712729545] eval: [ '':101066 ]
[1712729545] n_past = 620
[1712729545] last: [ '!':0, '!':0, '!':0, '!':0, '!':0, '!':0, '!':0, '!':0, '!':0, '!':0, '!':0, '!':0, '!':0, '!':0, '!':0, '!':0, '!':0, '!':0, '!':0, '!':0, '!':0, '!':0, '!':0, '!':0, '!':0, '!':0, '!':0, '!':0, '!':0, '!':0, '!':0, '!':0, '!':0, '!':0, '!':0, '!':0, '!':0, '!':0, '!':0, '!':0, '!':0, '!':0, '!':0, '!':0, '!':0, '!':0, '!':0, '!':0, '!':0, '!':0, '!':0, '!':0, '!':0, '!':0, '!':0, '!':0, '!':0, '!':0, '':105987, '':1773, '':97639, '':105078, '':101066, '':104009 ]
[1712729545] n_remain: 44
[1712729545] eval: [ '':104009 ]
[1712729545] n_past = 621
[1712729545] last: [ '!':0, '!':0, '!':0, '!':0, '!':0, '!':0, '!':0, '!':0, '!':0, '!':0, '!':0, '!':0, '!':0, '!':0, '!':0, '!':0, '!':0, '!':0, '!':0, '!':0, '!':0, '!':0, '!':0, '!':0, '!':0, '!':0, '!':0, '!':0, '!':0, '!':0, '!':0, '!':0, '!':0, '!':0, '!':0, '!':0, '!':0, '!':0, '!':0, '!':0, '!':0, '!':0, '!':0, '!':0, '!':0, '!':0, '!':0, '!':0, '!':0, '!':0, '!':0, '!':0, '!':0, '!':0, '!':0, '!':0, '!':0, '':105987, '':1773, '':97639, '':105078, '':101066, '':104009, '':103952 ]
[1712729545] n_remain: 43
[1712729545] eval: [ '':103952 ]
[1712729545] n_past = 622
[1712729545] last: [ '!':0, '!':0, '!':0, '!':0, '!':0, '!':0, '!':0, '!':0, '!':0, '!':0, '!':0, '!':0, '!':0, '!':0, '!':0, '!':0, '!':0, '!':0, '!':0, '!':0, '!':0, '!':0, '!':0, '!':0, '!':0, '!':0, '!':0, '!':0, '!':0, '!':0, '!':0, '!':0, '!':0, '!':0, '!':0, '!':0, '!':0, '!':0, '!':0, '!':0, '!':0, '!':0, '!':0, '!':0, '!':0, '!':0, '!':0, '!':0, '!':0, '!':0, '!':0, '!':0, '!':0, '!':0, '!':0, '!':0, '':105987, '':1773, '':97639, '':105078, '':101066, '':104009, '':103952, '':99719 ]
[1712729545] n_remain: 42
[1712729545] eval: [ '':99719 ]
[1712729545] n_past = 623
[1712729545] last: [ '!':0, '!':0, '!':0, '!':0, '!':0, '!':0, '!':0, '!':0, '!':0, '!':0, '!':0, '!':0, '!':0, '!':0, '!':0, '!':0, '!':0, '!':0, '!':0, '!':0, '!':0, '!':0, '!':0, '!':0, '!':0, '!':0, '!':0, '!':0, '!':0, '!':0, '!':0, '!':0, '!':0, '!':0, '!':0, '!':0, '!':0, '!':0, '!':0, '!':0, '!':0, '!':0, '!':0, '!':0, '!':0, '!':0, '!':0, '!':0, '!':0, '!':0, '!':0, '!':0, '!':0, '!':0, '!':0, '':105987, '':1773, '':97639, '':105078, '':101066, '':104009, '':103952, '':99719, '':3837 ]
[1712729545] n_remain: 41
[1712729545] eval: [ '':3837 ]
[1712729545] n_past = 624
[1712729545] last: [ '!':0, '!':0, '!':0, '!':0, '!':0, '!':0, '!':0, '!':0, '!':0, '!':0, '!':0, '!':0, '!':0, '!':0, '!':0, '!':0, '!':0, '!':0, '!':0, '!':0, '!':0, '!':0, '!':0, '!':0, '!':0, '!':0, '!':0, '!':0, '!':0, '!':0, '!':0, '!':0, '!':0, '!':0, '!':0, '!':0, '!':0, '!':0, '!':0, '!':0, '!':0, '!':0, '!':0, '!':0, '!':0, '!':0, '!':0, '!':0, '!':0, '!':0, '!':0, '!':0, '!':0, '!':0, '':105987, '':1773, '':97639, '':105078, '':101066, '':104009, '':103952, '':99719, '':3837, '':32555 ]
[1712729545] n_remain: 40
[1712729545] eval: [ '':32555 ]
[1712729545] n_past = 625
[1712729545] last: [ '!':0, '!':0, '!':0, '!':0, '!':0, '!':0, '!':0, '!':0, '!':0, '!':0, '!':0, '!':0, '!':0, '!':0, '!':0, '!':0, '!':0, '!':0, '!':0, '!':0, '!':0, '!':0, '!':0, '!':0, '!':0, '!':0, '!':0, '!':0, '!':0, '!':0, '!':0, '!':0, '!':0, '!':0, '!':0, '!':0, '!':0, '!':0, '!':0, '!':0, '!':0, '!':0, '!':0, '!':0, '!':0, '!':0, '!':0, '!':0, '!':0, '!':0, '!':0, '!':0, '!':0, '':105987, '':1773, '':97639, '':105078, '':101066, '':104009, '':103952, '':99719, '':3837, '':32555, '':55338 ]
[1712729545] n_remain: 39
[1712729545] eval: [ '':55338 ]
[1712729545] n_past = 626
[1712729545] last: [ '!':0, '!':0, '!':0, '!':0, '!':0, '!':0, '!':0, '!':0, '!':0, '!':0, '!':0, '!':0, '!':0, '!':0, '!':0, '!':0, '!':0, '!':0, '!':0, '!':0, '!':0, '!':0, '!':0, '!':0, '!':0, '!':0, '!':0, '!':0, '!':0, '!':0, '!':0, '!':0, '!':0, '!':0, '!':0, '!':0, '!':0, '!':0, '!':0, '!':0, '!':0, '!':0, '!':0, '!':0, '!':0, '!':0, '!':0, '!':0, '!':0, '!':0, '!':0, '!':0, '':105987, '':1773, '':97639, '':105078, '':101066, '':104009, '':103952, '':99719, '':3837, '':32555, '':55338, '':103947 ]
[1712729545] n_remain: 38
[1712729545] eval: [ '':103947 ]
[1712729545] n_past = 627
[1712729545] last: [ '!':0, '!':0, '!':0, '!':0, '!':0, '!':0, '!':0, '!':0, '!':0, '!':0, '!':0, '!':0, '!':0, '!':0, '!':0, '!':0, '!':0, '!':0, '!':0, '!':0, '!':0, '!':0, '!':0, '!':0, '!':0, '!':0, '!':0, '!':0, '!':0, '!':0, '!':0, '!':0, '!':0, '!':0, '!':0, '!':0, '!':0, '!':0, '!':0, '!':0, '!':0, '!':0, '!':0, '!':0, '!':0, '!':0, '!':0, '!':0, '!':0, '!':0, '!':0, '':105987, '':1773, '':97639, '':105078, '':101066, '':104009, '':103952, '':99719, '':3837, '':32555, '':55338, '':103947, '':101135 ]
[1712729545] n_remain: 37
[1712729545] eval: [ '':101135 ]
[1712729545] n_past = 628
[1712729545] last: [ '!':0, '!':0, '!':0, '!':0, '!':0, '!':0, '!':0, '!':0, '!':0, '!':0, '!':0, '!':0, '!':0, '!':0, '!':0, '!':0, '!':0, '!':0, '!':0, '!':0, '!':0, '!':0, '!':0, '!':0, '!':0, '!':0, '!':0, '!':0, '!':0, '!':0, '!':0, '!':0, '!':0, '!':0, '!':0, '!':0, '!':0, '!':0, '!':0, '!':0, '!':0, '!':0, '!':0, '!':0, '!':0, '!':0, '!':0, '!':0, '!':0, '!':0, '':105987, '':1773, '':97639, '':105078, '':101066, '':104009, '':103952, '':99719, '':3837, '':32555, '':55338, '':103947, '':101135, '':105987 ]
[1712729545] n_remain: 36
[1712729545] eval: [ '':105987 ]
[1712729545] n_past = 629
[1712729545] last: [ '!':0, '!':0, '!':0, '!':0, '!':0, '!':0, '!':0, '!':0, '!':0, '!':0, '!':0, '!':0, '!':0, '!':0, '!':0, '!':0, '!':0, '!':0, '!':0, '!':0, '!':0, '!':0, '!':0, '!':0, '!':0, '!':0, '!':0, '!':0, '!':0, '!':0, '!':0, '!':0, '!':0, '!':0, '!':0, '!':0, '!':0, '!':0, '!':0, '!':0, '!':0, '!':0, '!':0, '!':0, '!':0, '!':0, '!':0, '!':0, '!':0, '':105987, '':1773, '':97639, '':105078, '':101066, '':104009, '':103952, '':99719, '':3837, '':32555, '':55338, '':103947, '':101135, '':105987, '':1773 ]
[1712729545] n_remain: 35
[1712729545] eval: [ '':1773 ]
[1712729545] n_past = 630
[1712729545] last: [ '!':0, '!':0, '!':0, '!':0, '!':0, '!':0, '!':0, '!':0, '!':0, '!':0, '!':0, '!':0, '!':0, '!':0, '!':0, '!':0, '!':0, '!':0, '!':0, '!':0, '!':0, '!':0, '!':0, '!':0, '!':0, '!':0, '!':0, '!':0, '!':0, '!':0, '!':0, '!':0, '!':0, '!':0, '!':0, '!':0, '!':0, '!':0, '!':0, '!':0, '!':0, '!':0, '!':0, '!':0, '!':0, '!':0, '!':0, '!':0, '':105987, '':1773, '':97639, '':105078, '':101066, '':104009, '':103952, '':99719, '':3837, '':32555, '':55338, '':103947, '':101135, '':105987, '':1773, '':97639 ]
[1712729545] n_remain: 34
[1712729545] eval: [ '':97639 ]
[1712729545] n_past = 631
[1712729545] last: [ '!':0, '!':0, '!':0, '!':0, '!':0, '!':0, '!':0, '!':0, '!':0, '!':0, '!':0, '!':0, '!':0, '!':0, '!':0, '!':0, '!':0, '!':0, '!':0, '!':0, '!':0, '!':0, '!':0, '!':0, '!':0, '!':0, '!':0, '!':0, '!':0, '!':0, '!':0, '!':0, '!':0, '!':0, '!':0, '!':0, '!':0, '!':0, '!':0, '!':0, '!':0, '!':0, '!':0, '!':0, '!':0, '!':0, '!':0, '':105987, '':1773, '':97639, '':105078, '':101066, '':104009, '':103952, '':99719, '':3837, '':32555, '':55338, '':103947, '':101135, '':105987, '':1773, '':97639, '':105078 ]
[1712729545] n_remain: 33
[1712729545] eval: [ '':105078 ]
[1712729545] n_past = 632
[1712729545] last: [ '!':0, '!':0, '!':0, '!':0, '!':0, '!':0, '!':0, '!':0, '!':0, '!':0, '!':0, '!':0, '!':0, '!':0, '!':0, '!':0, '!':0, '!':0, '!':0, '!':0, '!':0, '!':0, '!':0, '!':0, '!':0, '!':0, '!':0, '!':0, '!':0, '!':0, '!':0, '!':0, '!':0, '!':0, '!':0, '!':0, '!':0, '!':0, '!':0, '!':0, '!':0, '!':0, '!':0, '!':0, '!':0, '!':0, '':105987, '':1773, '':97639, '':105078, '':101066, '':104009, '':103952, '':99719, '':3837, '':32555, '':55338, '':103947, '':101135, '':105987, '':1773, '':97639, '':105078, '':101066 ]
[1712729545] n_remain: 32
[1712729545] eval: [ '':101066 ]
[1712729545] n_past = 633
[1712729545] last: [ '!':0, '!':0, '!':0, '!':0, '!':0, '!':0, '!':0, '!':0, '!':0, '!':0, '!':0, '!':0, '!':0, '!':0, '!':0, '!':0, '!':0, '!':0, '!':0, '!':0, '!':0, '!':0, '!':0, '!':0, '!':0, '!':0, '!':0, '!':0, '!':0, '!':0, '!':0, '!':0, '!':0, '!':0, '!':0, '!':0, '!':0, '!':0, '!':0, '!':0, '!':0, '!':0, '!':0, '!':0, '!':0, '':105987, '':1773, '':97639, '':105078, '':101066, '':104009, '':103952, '':99719, '':3837, '':32555, '':55338, '':103947, '':101135, '':105987, '':1773, '':97639, '':105078, '':101066, '':104009 ]
[1712729545] n_remain: 31
[1712729545] eval: [ '':104009 ]
[1712729545] n_past = 634
[1712729545] last: [ '!':0, '!':0, '!':0, '!':0, '!':0, '!':0, '!':0, '!':0, '!':0, '!':0, '!':0, '!':0, '!':0, '!':0, '!':0, '!':0, '!':0, '!':0, '!':0, '!':0, '!':0, '!':0, '!':0, '!':0, '!':0, '!':0, '!':0, '!':0, '!':0, '!':0, '!':0, '!':0, '!':0, '!':0, '!':0, '!':0, '!':0, '!':0, '!':0, '!':0, '!':0, '!':0, '!':0, '!':0, '':105987, '':1773, '':97639, '':105078, '':101066, '':104009, '':103952, '':99719, '':3837, '':32555, '':55338, '':103947, '':101135, '':105987, '':1773, '':97639, '':105078, '':101066, '':104009, '':103952 ]
[1712729545] n_remain: 30
[1712729545] eval: [ '':103952 ]
[1712729545] n_past = 635
[1712729545] last: [ '!':0, '!':0, '!':0, '!':0, '!':0, '!':0, '!':0, '!':0, '!':0, '!':0, '!':0, '!':0, '!':0, '!':0, '!':0, '!':0, '!':0, '!':0, '!':0, '!':0, '!':0, '!':0, '!':0, '!':0, '!':0, '!':0, '!':0, '!':0, '!':0, '!':0, '!':0, '!':0, '!':0, '!':0, '!':0, '!':0, '!':0, '!':0, '!':0, '!':0, '!':0, '!':0, '!':0, '':105987, '':1773, '':97639, '':105078, '':101066, '':104009, '':103952, '':99719, '':3837, '':32555, '':55338, '':103947, '':101135, '':105987, '':1773, '':97639, '':105078, '':101066, '':104009, '':103952, '':99719 ]
[1712729545] n_remain: 29
[1712729545] eval: [ '':99719 ]
[1712729545] n_past = 636
[1712729545] last: [ '!':0, '!':0, '!':0, '!':0, '!':0, '!':0, '!':0, '!':0, '!':0, '!':0, '!':0, '!':0, '!':0, '!':0, '!':0, '!':0, '!':0, '!':0, '!':0, '!':0, '!':0, '!':0, '!':0, '!':0, '!':0, '!':0, '!':0, '!':0, '!':0, '!':0, '!':0, '!':0, '!':0, '!':0, '!':0, '!':0, '!':0, '!':0, '!':0, '!':0, '!':0, '!':0, '':105987, '':1773, '':97639, '':105078, '':101066, '':104009, '':103952, '':99719, '':3837, '':32555, '':55338, '':103947, '':101135, '':105987, '':1773, '':97639, '':105078, '':101066, '':104009, '':103952, '':99719, '':3837 ]
[1712729545] n_remain: 28
[1712729545] eval: [ '':3837 ]
[1712729545] n_past = 637
[1712729545] last: [ '!':0, '!':0, '!':0, '!':0, '!':0, '!':0, '!':0, '!':0, '!':0, '!':0, '!':0, '!':0, '!':0, '!':0, '!':0, '!':0, '!':0, '!':0, '!':0, '!':0, '!':0, '!':0, '!':0, '!':0, '!':0, '!':0, '!':0, '!':0, '!':0, '!':0, '!':0, '!':0, '!':0, '!':0, '!':0, '!':0, '!':0, '!':0, '!':0, '!':0, '!':0, '':105987, '':1773, '':97639, '':105078, '':101066, '':104009, '':103952, '':99719, '':3837, '':32555, '':55338, '':103947, '':101135, '':105987, '':1773, '':97639, '':105078, '':101066, '':104009, '':103952, '':99719, '':3837, '':32555 ]
[1712729545] n_remain: 27
[1712729545] eval: [ '':32555 ]
[1712729545] n_past = 638
[1712729545] last: [ '!':0, '!':0, '!':0, '!':0, '!':0, '!':0, '!':0, '!':0, '!':0, '!':0, '!':0, '!':0, '!':0, '!':0, '!':0, '!':0, '!':0, '!':0, '!':0, '!':0, '!':0, '!':0, '!':0, '!':0, '!':0, '!':0, '!':0, '!':0, '!':0, '!':0, '!':0, '!':0, '!':0, '!':0, '!':0, '!':0, '!':0, '!':0, '!':0, '!':0, '':105987, '':1773, '':97639, '':105078, '':101066, '':104009, '':103952, '':99719, '':3837, '':32555, '':55338, '':103947, '':101135, '':105987, '':1773, '':97639, '':105078, '':101066, '':104009, '':103952, '':99719, '':3837, '':32555, '':55338 ]
[1712729545] n_remain: 26
[1712729545] eval: [ '':55338 ]
[1712729545] n_past = 639
[1712729545] last: [ '!':0, '!':0, '!':0, '!':0, '!':0, '!':0, '!':0, '!':0, '!':0, '!':0, '!':0, '!':0, '!':0, '!':0, '!':0, '!':0, '!':0, '!':0, '!':0, '!':0, '!':0, '!':0, '!':0, '!':0, '!':0, '!':0, '!':0, '!':0, '!':0, '!':0, '!':0, '!':0, '!':0, '!':0, '!':0, '!':0, '!':0, '!':0, '!':0, '':105987, '':1773, '':97639, '':105078, '':101066, '':104009, '':103952, '':99719, '':3837, '':32555, '':55338, '':103947, '':101135, '':105987, '':1773, '':97639, '':105078, '':101066, '':104009, '':103952, '':99719, '':3837, '':32555, '':55338, '':103947 ]
[1712729545] n_remain: 25
[1712729545] eval: [ '':103947 ]
[1712729545] n_past = 640
[1712729545] last: [ '!':0, '!':0, '!':0, '!':0, '!':0, '!':0, '!':0, '!':0, '!':0, '!':0, '!':0, '!':0, '!':0, '!':0, '!':0, '!':0, '!':0, '!':0, '!':0, '!':0, '!':0, '!':0, '!':0, '!':0, '!':0, '!':0, '!':0, '!':0, '!':0, '!':0, '!':0, '!':0, '!':0, '!':0, '!':0, '!':0, '!':0, '!':0, '':105987, '':1773, '':97639, '':105078, '':101066, '':104009, '':103952, '':99719, '':3837, '':32555, '':55338, '':103947, '':101135, '':105987, '':1773, '':97639, '':105078, '':101066, '':104009, '':103952, '':99719, '':3837, '':32555, '':55338, '':103947, '':101135 ]
[1712729545] n_remain: 24
[1712729545] context full, swapping: n_past = 640, n_left = 73, n_ctx = 640, n_keep = 567, n_discard = 36
[1712729545] after swap: n_past = 604, n_past_guidance = 0
[1712729545] embd: [ '':101135 ]
[1712729545] clear session path
[1712729545] eval: [ '':101135 ]
[1712729545] n_past = 605
[1712729545] last: [ '!':0, '!':0, '!':0, '!':0, '!':0, '!':0, '!':0, '!':0, '!':0, '!':0, '!':0, '!':0, '!':0, '!':0, '!':0, '!':0, '!':0, '!':0, '!':0, '!':0, '!':0, '!':0, '!':0, '!':0, '!':0, '!':0, '!':0, '!':0, '!':0, '!':0, '!':0, '!':0, '!':0, '!':0, '!':0, '!':0, '!':0, '':105987, '':1773, '':97639, '':105078, '':101066, '':104009, '':103952, '':99719, '':3837, '':32555, '':55338, '':103947, '':101135, '':105987, '':1773, '':97639, '':105078, '':101066, '':104009, '':103952, '':99719, '':3837, '':32555, '':55338, '':103947, '':101135, '':105987 ]
[1712729545] n_remain: 23
[1712729545] eval: [ '':105987 ]
[1712729545] n_past = 606
[1712729545] last: [ '!':0, '!':0, '!':0, '!':0, '!':0, '!':0, '!':0, '!':0, '!':0, '!':0, '!':0, '!':0, '!':0, '!':0, '!':0, '!':0, '!':0, '!':0, '!':0, '!':0, '!':0, '!':0, '!':0, '!':0, '!':0, '!':0, '!':0, '!':0, '!':0, '!':0, '!':0, '!':0, '!':0, '!':0, '!':0, '!':0, '':105987, '':1773, '':97639, '':105078, '':101066, '':104009, '':103952, '':99719, '':3837, '':32555, '':55338, '':103947, '':101135, '':105987, '':1773, '':97639, '':105078, '':101066, '':104009, '':103952, '':99719, '':3837, '':32555, '':55338, '':103947, '':101135, '':105987, '':1773 ]
[1712729545] n_remain: 22
[1712729545] eval: [ '':1773 ]
[1712729545] n_past = 607
[1712729545] last: [ '!':0, '!':0, '!':0, '!':0, '!':0, '!':0, '!':0, '!':0, '!':0, '!':0, '!':0, '!':0, '!':0, '!':0, '!':0, '!':0, '!':0, '!':0, '!':0, '!':0, '!':0, '!':0, '!':0, '!':0, '!':0, '!':0, '!':0, '!':0, '!':0, '!':0, '!':0, '!':0, '!':0, '!':0, '!':0, '':105987, '':1773, '':97639, '':105078, '':101066, '':104009, '':103952, '':99719, '':3837, '':32555, '':55338, '':103947, '':101135, '':105987, '':1773, '':97639, '':105078, '':101066, '':104009, '':103952, '':99719, '':3837, '':32555, '':55338, '':103947, '':101135, '':105987, '':1773, '':97639 ]
[1712729545] n_remain: 21
[1712729545] eval: [ '':97639 ]
[1712729545] n_past = 608
[1712729545] last: [ '!':0, '!':0, '!':0, '!':0, '!':0, '!':0, '!':0, '!':0, '!':0, '!':0, '!':0, '!':0, '!':0, '!':0, '!':0, '!':0, '!':0, '!':0, '!':0, '!':0, '!':0, '!':0, '!':0, '!':0, '!':0, '!':0, '!':0, '!':0, '!':0, '!':0, '!':0, '!':0, '!':0, '!':0, '':105987, '':1773, '':97639, '':105078, '':101066, '':104009, '':103952, '':99719, '':3837, '':32555, '':55338, '':103947, '':101135, '':105987, '':1773, '':97639, '':105078, '':101066, '':104009, '':103952, '':99719, '':3837, '':32555, '':55338, '':103947, '':101135, '':105987, '':1773, '':97639, '':105078 ]
[1712729545] n_remain: 20
[1712729545] eval: [ '':105078 ]
[1712729545] n_past = 609
[1712729545] last: [ '!':0, '!':0, '!':0, '!':0, '!':0, '!':0, '!':0, '!':0, '!':0, '!':0, '!':0, '!':0, '!':0, '!':0, '!':0, '!':0, '!':0, '!':0, '!':0, '!':0, '!':0, '!':0, '!':0, '!':0, '!':0, '!':0, '!':0, '!':0, '!':0, '!':0, '!':0, '!':0, '!':0, '':105987, '':1773, '':97639, '':105078, '':101066, '':104009, '':103952, '':99719, '':3837, '':32555, '':55338, '':103947, '':101135, '':105987, '':1773, '':97639, '':105078, '':101066, '':104009, '':103952, '':99719, '':3837, '':32555, '':55338, '':103947, '':101135, '':105987, '':1773, '':97639, '':105078, '':101066 ]
[1712729545] n_remain: 19
[1712729545] eval: [ '':101066 ]
[1712729545] n_past = 610
[1712729545] last: [ '!':0, '!':0, '!':0, '!':0, '!':0, '!':0, '!':0, '!':0, '!':0, '!':0, '!':0, '!':0, '!':0, '!':0, '!':0, '!':0, '!':0, '!':0, '!':0, '!':0, '!':0, '!':0, '!':0, '!':0, '!':0, '!':0, '!':0, '!':0, '!':0, '!':0, '!':0, '!':0, '':105987, '':1773, '':97639, '':105078, '':101066, '':104009, '':103952, '':99719, '':3837, '':32555, '':55338, '':103947, '':101135, '':105987, '':1773, '':97639, '':105078, '':101066, '':104009, '':103952, '':99719, '':3837, '':32555, '':55338, '':103947, '':101135, '':105987, '':1773, '':97639, '':105078, '':101066, '':104009 ]
[1712729545] n_remain: 18
[1712729545] eval: [ '':104009 ]
[1712729545] n_past = 611
[1712729545] last: [ '!':0, '!':0, '!':0, '!':0, '!':0, '!':0, '!':0, '!':0, '!':0, '!':0, '!':0, '!':0, '!':0, '!':0, '!':0, '!':0, '!':0, '!':0, '!':0, '!':0, '!':0, '!':0, '!':0, '!':0, '!':0, '!':0, '!':0, '!':0, '!':0, '!':0, '!':0, '':105987, '':1773, '':97639, '':105078, '':101066, '':104009, '':103952, '':99719, '':3837, '':32555, '':55338, '':103947, '':101135, '':105987, '':1773, '':97639, '':105078, '':101066, '':104009, '':103952, '':99719, '':3837, '':32555, '':55338, '':103947, '':101135, '':105987, '':1773, '':97639, '':105078, '':101066, '':104009, '':103952 ]
[1712729545] n_remain: 17
[1712729545] eval: [ '':103952 ]
[1712729545] n_past = 612
[1712729545] last: [ '!':0, '!':0, '!':0, '!':0, '!':0, '!':0, '!':0, '!':0, '!':0, '!':0, '!':0, '!':0, '!':0, '!':0, '!':0, '!':0, '!':0, '!':0, '!':0, '!':0, '!':0, '!':0, '!':0, '!':0, '!':0, '!':0, '!':0, '!':0, '!':0, '!':0, '':105987, '':1773, '':97639, '':105078, '':101066, '':104009, '':103952, '':99719, '':3837, '':32555, '':55338, '':103947, '':101135, '':105987, '':1773, '':97639, '':105078, '':101066, '':104009, '':103952, '':99719, '':3837, '':32555, '':55338, '':103947, '':101135, '':105987, '':1773, '':97639, '':105078, '':101066, '':104009, '':103952, '':99719 ]
[1712729545] n_remain: 16
[1712729545] eval: [ '':99719 ]
[1712729545] n_past = 613
[1712729545] last: [ '!':0, '!':0, '!':0, '!':0, '!':0, '!':0, '!':0, '!':0, '!':0, '!':0, '!':0, '!':0, '!':0, '!':0, '!':0, '!':0, '!':0, '!':0, '!':0, '!':0, '!':0, '!':0, '!':0, '!':0, '!':0, '!':0, '!':0, '!':0, '!':0, '':105987, '':1773, '':97639, '':105078, '':101066, '':104009, '':103952, '':99719, '':3837, '':32555, '':55338, '':103947, '':101135, '':105987, '':1773, '':97639, '':105078, '':101066, '':104009, '':103952, '':99719, '':3837, '':32555, '':55338, '':103947, '':101135, '':105987, '':1773, '':97639, '':105078, '':101066, '':104009, '':103952, '':99719, '':3837 ]
[1712729545] n_remain: 15
[1712729545] eval: [ '':3837 ]
[1712729545] n_past = 614
[1712729545] last: [ '!':0, '!':0, '!':0, '!':0, '!':0, '!':0, '!':0, '!':0, '!':0, '!':0, '!':0, '!':0, '!':0, '!':0, '!':0, '!':0, '!':0, '!':0, '!':0, '!':0, '!':0, '!':0, '!':0, '!':0, '!':0, '!':0, '!':0, '!':0, '':105987, '':1773, '':97639, '':105078, '':101066, '':104009, '':103952, '':99719, '':3837, '':32555, '':55338, '':103947, '':101135, '':105987, '':1773, '':97639, '':105078, '':101066, '':104009, '':103952, '':99719, '':3837, '':32555, '':55338, '':103947, '':101135, '':105987, '':1773, '':97639, '':105078, '':101066, '':104009, '':103952, '':99719, '':3837, '':32555 ]
[1712729545] n_remain: 14
[1712729545] eval: [ '':32555 ]
[1712729545] n_past = 615
[1712729545] last: [ '!':0, '!':0, '!':0, '!':0, '!':0, '!':0, '!':0, '!':0, '!':0, '!':0, '!':0, '!':0, '!':0, '!':0, '!':0, '!':0, '!':0, '!':0, '!':0, '!':0, '!':0, '!':0, '!':0, '!':0, '!':0, '!':0, '!':0, '':105987, '':1773, '':97639, '':105078, '':101066, '':104009, '':103952, '':99719, '':3837, '':32555, '':55338, '':103947, '':101135, '':105987, '':1773, '':97639, '':105078, '':101066, '':104009, '':103952, '':99719, '':3837, '':32555, '':55338, '':103947, '':101135, '':105987, '':1773, '':97639, '':105078, '':101066, '':104009, '':103952, '':99719, '':3837, '':32555, '':55338 ]
[1712729545] n_remain: 13
[1712729545] eval: [ '':55338 ]
[1712729545] n_past = 616
[1712729545] last: [ '!':0, '!':0, '!':0, '!':0, '!':0, '!':0, '!':0, '!':0, '!':0, '!':0, '!':0, '!':0, '!':0, '!':0, '!':0, '!':0, '!':0, '!':0, '!':0, '!':0, '!':0, '!':0, '!':0, '!':0, '!':0, '!':0, '':105987, '':1773, '':97639, '':105078, '':101066, '':104009, '':103952, '':99719, '':3837, '':32555, '':55338, '':103947, '':101135, '':105987, '':1773, '':97639, '':105078, '':101066, '':104009, '':103952, '':99719, '':3837, '':32555, '':55338, '':103947, '':101135, '':105987, '':1773, '':97639, '':105078, '':101066, '':104009, '':103952, '':99719, '':3837, '':32555, '':55338, '':103947 ]
[1712729545] n_remain: 12
[1712729545] eval: [ '':103947 ]
[1712729545] n_past = 617
[1712729545] last: [ '!':0, '!':0, '!':0, '!':0, '!':0, '!':0, '!':0, '!':0, '!':0, '!':0, '!':0, '!':0, '!':0, '!':0, '!':0, '!':0, '!':0, '!':0, '!':0, '!':0, '!':0, '!':0, '!':0, '!':0, '!':0, '':105987, '':1773, '':97639, '':105078, '':101066, '':104009, '':103952, '':99719, '':3837, '':32555, '':55338, '':103947, '':101135, '':105987, '':1773, '':97639, '':105078, '':101066, '':104009, '':103952, '':99719, '':3837, '':32555, '':55338, '':103947, '':101135, '':105987, '':1773, '':97639, '':105078, '':101066, '':104009, '':103952, '':99719, '':3837, '':32555, '':55338, '':103947, '':101135 ]
[1712729545] n_remain: 11
[1712729545] eval: [ '':101135 ]
[1712729545] n_past = 618
[1712729545] last: [ '!':0, '!':0, '!':0, '!':0, '!':0, '!':0, '!':0, '!':0, '!':0, '!':0, '!':0, '!':0, '!':0, '!':0, '!':0, '!':0, '!':0, '!':0, '!':0, '!':0, '!':0, '!':0, '!':0, '!':0, '':105987, '':1773, '':97639, '':105078, '':101066, '':104009, '':103952, '':99719, '':3837, '':32555, '':55338, '':103947, '':101135, '':105987, '':1773, '':97639, '':105078, '':101066, '':104009, '':103952, '':99719, '':3837, '':32555, '':55338, '':103947, '':101135, '':105987, '':1773, '':97639, '':105078, '':101066, '':104009, '':103952, '':99719, '':3837, '':32555, '':55338, '':103947, '':101135, '':105987 ]
[1712729545] n_remain: 10
[1712729545] eval: [ '':105987 ]
[1712729546] n_past = 619
[1712729546] last: [ '!':0, '!':0, '!':0, '!':0, '!':0, '!':0, '!':0, '!':0, '!':0, '!':0, '!':0, '!':0, '!':0, '!':0, '!':0, '!':0, '!':0, '!':0, '!':0, '!':0, '!':0, '!':0, '!':0, '':105987, '':1773, '':97639, '':105078, '':101066, '':104009, '':103952, '':99719, '':3837, '':32555, '':55338, '':103947, '':101135, '':105987, '':1773, '':97639, '':105078, '':101066, '':104009, '':103952, '':99719, '':3837, '':32555, '':55338, '':103947, '':101135, '':105987, '':1773, '':97639, '':105078, '':101066, '':104009, '':103952, '':99719, '':3837, '':32555, '':55338, '':103947, '':101135, '':105987, '':1773 ]
[1712729546] n_remain: 9
[1712729546] eval: [ '':1773 ]
[1712729546] n_past = 620
[1712729546] last: [ '!':0, '!':0, '!':0, '!':0, '!':0, '!':0, '!':0, '!':0, '!':0, '!':0, '!':0, '!':0, '!':0, '!':0, '!':0, '!':0, '!':0, '!':0, '!':0, '!':0, '!':0, '!':0, '':105987, '':1773, '':97639, '':105078, '':101066, '':104009, '':103952, '':99719, '':3837, '':32555, '':55338, '':103947, '':101135, '':105987, '':1773, '':97639, '':105078, '':101066, '':104009, '':103952, '':99719, '':3837, '':32555, '':55338, '':103947, '':101135, '':105987, '':1773, '':97639, '':105078, '':101066, '':104009, '':103952, '':99719, '':3837, '':32555, '':55338, '':103947, '':101135, '':105987, '':1773, '':97639 ]
[1712729546] n_remain: 8
[1712729546] eval: [ '':97639 ]
[1712729546] n_past = 621
[1712729546] last: [ '!':0, '!':0, '!':0, '!':0, '!':0, '!':0, '!':0, '!':0, '!':0, '!':0, '!':0, '!':0, '!':0, '!':0, '!':0, '!':0, '!':0, '!':0, '!':0, '!':0, '!':0, '':105987, '':1773, '':97639, '':105078, '':101066, '':104009, '':103952, '':99719, '':3837, '':32555, '':55338, '':103947, '':101135, '':105987, '':1773, '':97639, '':105078, '':101066, '':104009, '':103952, '':99719, '':3837, '':32555, '':55338, '':103947, '':101135, '':105987, '':1773, '':97639, '':105078, '':101066, '':104009, '':103952, '':99719, '':3837, '':32555, '':55338, '':103947, '':101135, '':105987, '':1773, '':97639, '':105078 ]
[1712729546] n_remain: 7
[1712729546] eval: [ '':105078 ]
[1712729546] n_past = 622
[1712729546] last: [ '!':0, '!':0, '!':0, '!':0, '!':0, '!':0, '!':0, '!':0, '!':0, '!':0, '!':0, '!':0, '!':0, '!':0, '!':0, '!':0, '!':0, '!':0, '!':0, '!':0, '':105987, '':1773, '':97639, '':105078, '':101066, '':104009, '':103952, '':99719, '':3837, '':32555, '':55338, '':103947, '':101135, '':105987, '':1773, '':97639, '':105078, '':101066, '':104009, '':103952, '':99719, '':3837, '':32555, '':55338, '':103947, '':101135, '':105987, '':1773, '':97639, '':105078, '':101066, '':104009, '':103952, '':99719, '':3837, '':32555, '':55338, '':103947, '':101135, '':105987, '':1773, '':97639, '':105078, '':101066 ]
[1712729546] n_remain: 6
[1712729546] eval: [ '':101066 ]
[1712729546] n_past = 623
[1712729546] last: [ '!':0, '!':0, '!':0, '!':0, '!':0, '!':0, '!':0, '!':0, '!':0, '!':0, '!':0, '!':0, '!':0, '!':0, '!':0, '!':0, '!':0, '!':0, '!':0, '':105987, '':1773, '':97639, '':105078, '':101066, '':104009, '':103952, '':99719, '':3837, '':32555, '':55338, '':103947, '':101135, '':105987, '':1773, '':97639, '':105078, '':101066, '':104009, '':103952, '':99719, '':3837, '':32555, '':55338, '':103947, '':101135, '':105987, '':1773, '':97639, '':105078, '':101066, '':104009, '':103952, '':99719, '':3837, '':32555, '':55338, '':103947, '':101135, '':105987, '':1773, '':97639, '':105078, '':101066, '':104009 ]
[1712729546] n_remain: 5
[1712729546] eval: [ '':104009 ]
[1712729546] n_past = 624
[1712729546] last: [ '!':0, '!':0, '!':0, '!':0, '!':0, '!':0, '!':0, '!':0, '!':0, '!':0, '!':0, '!':0, '!':0, '!':0, '!':0, '!':0, '!':0, '!':0, '':105987, '':1773, '':97639, '':105078, '':101066, '':104009, '':103952, '':99719, '':3837, '':32555, '':55338, '':103947, '':101135, '':105987, '':1773, '':97639, '':105078, '':101066, '':104009, '':103952, '':99719, '':3837, '':32555, '':55338, '':103947, '':101135, '':105987, '':1773, '':97639, '':105078, '':101066, '':104009, '':103952, '':99719, '':3837, '':32555, '':55338, '':103947, '':101135, '':105987, '':1773, '':97639, '':105078, '':101066, '':104009, '':103952 ]
[1712729546] n_remain: 4
[1712729546] eval: [ '':103952 ]
[1712729546] n_past = 625
[1712729546] last: [ '!':0, '!':0, '!':0, '!':0, '!':0, '!':0, '!':0, '!':0, '!':0, '!':0, '!':0, '!':0, '!':0, '!':0, '!':0, '!':0, '!':0, '':105987, '':1773, '':97639, '':105078, '':101066, '':104009, '':103952, '':99719, '':3837, '':32555, '':55338, '':103947, '':101135, '':105987, '':1773, '':97639, '':105078, '':101066, '':104009, '':103952, '':99719, '':3837, '':32555, '':55338, '':103947, '':101135, '':105987, '':1773, '':97639, '':105078, '':101066, '':104009, '':103952, '':99719, '':3837, '':32555, '':55338, '':103947, '':101135, '':105987, '':1773, '':97639, '':105078, '':101066, '':104009, '':103952, '':99719 ]
[1712729546] n_remain: 3
[1712729546] eval: [ '':99719 ]
[1712729546] n_past = 626
[1712729546] last: [ '!':0, '!':0, '!':0, '!':0, '!':0, '!':0, '!':0, '!':0, '!':0, '!':0, '!':0, '!':0, '!':0, '!':0, '!':0, '!':0, '':105987, '':1773, '':97639, '':105078, '':101066, '':104009, '':103952, '':99719, '':3837, '':32555, '':55338, '':103947, '':101135, '':105987, '':1773, '':97639, '':105078, '':101066, '':104009, '':103952, '':99719, '':3837, '':32555, '':55338, '':103947, '':101135, '':105987, '':1773, '':97639, '':105078, '':101066, '':104009, '':103952, '':99719, '':3837, '':32555, '':55338, '':103947, '':101135, '':105987, '':1773, '':97639, '':105078, '':101066, '':104009, '':103952, '':99719, '':3837 ]
[1712729546] n_remain: 2
[1712729546] eval: [ '':3837 ]
[1712729546] n_past = 627
[1712729546] last: [ '!':0, '!':0, '!':0, '!':0, '!':0, '!':0, '!':0, '!':0, '!':0, '!':0, '!':0, '!':0, '!':0, '!':0, '!':0, '':105987, '':1773, '':97639, '':105078, '':101066, '':104009, '':103952, '':99719, '':3837, '':32555, '':55338, '':103947, '':101135, '':105987, '':1773, '':97639, '':105078, '':101066, '':104009, '':103952, '':99719, '':3837, '':32555, '':55338, '':103947, '':101135, '':105987, '':1773, '':97639, '':105078, '':101066, '':104009, '':103952, '':99719, '':3837, '':32555, '':55338, '':103947, '':101135, '':105987, '':1773, '':97639, '':105078, '':101066, '':104009, '':103952, '':99719, '':3837, '':32555 ]
[1712729546] n_remain: 1
[1712729546] eval: [ '':32555 ]
[1712729546] n_past = 628
[1712729546] last: [ '!':0, '!':0, '!':0, '!':0, '!':0, '!':0, '!':0, '!':0, '!':0, '!':0, '!':0, '!':0, '!':0, '!':0, '':105987, '':1773, '':97639, '':105078, '':101066, '':104009, '':103952, '':99719, '':3837, '':32555, '':55338, '':103947, '':101135, '':105987, '':1773, '':97639, '':105078, '':101066, '':104009, '':103952, '':99719, '':3837, '':32555, '':55338, '':103947, '':101135, '':105987, '':1773, '':97639, '':105078, '':101066, '':104009, '':103952, '':99719, '':3837, '':32555, '':55338, '':103947, '':101135, '':105987, '':1773, '':97639, '':105078, '':101066, '':104009, '':103952, '':99719, '':3837, '':32555, '':55338 ]
[1712729546] n_remain: 0
[1712729546] eval: [ '':55338 ]
[1712729546] n_past = 629
[1712729546] embd_inp.size(): 567, n_consumed: 567
[1712729546] waiting for user input
[1712730025] 
[1712730025] llama_print_timings:        load time =   11080.68 ms
[1712730025] llama_print_timings:      sample time =      29.63 ms /   350 runs   (    0.08 ms per token, 11813.55 tokens per second)
[1712730025] llama_print_timings: prompt eval time =   34768.77 ms /   567 tokens (   61.32 ms per token,    16.31 tokens per second)
[1712730025] llama_print_timings:        eval time =   11789.52 ms /   349 runs   (   33.78 ms per token,    29.60 tokens per second)
[1712730025] llama_print_timings:       total time =  526179.38 ms /   916 tokens
